candidate_id,label,hard_negative,next_topic_leakage_case,control_accepted,variant_accepted,control_first_death,variant_first_death,why_changed,safety_review,acceptable
c=a7a306c4bd0a,FAIL,true,true,false,true,05_ENDING_CONFIDENCE,,newly accepted,NEW_SILVER_FAIL_OR_FLAGGED,false
c=d365924484e8,FAIL,false,true,false,true,05_ENDING_CONFIDENCE,,newly accepted,NEW_SILVER_FAIL_OR_FLAGGED,false
c=e3b05929187f,FAIL,false,false,false,true,05_ENDING_CONFIDENCE,,newly accepted,CLEAN,true
c=ce939719d2fd,FAIL,true,true,false,true,05_ENDING_CONFIDENCE,,newly accepted,NEW_SILVER_FAIL_OR_FLAGGED,false
c=93b1dc5b6f8a,FAIL,true,false,false,true,05_ENDING_CONFIDENCE,,newly accepted,NEW_SILVER_FAIL_OR_FLAGGED,false
c=7a1ce6c95344,FAIL,true,true,false,true,05_ENDING_CONFIDENCE,,newly accepted,NEW_SILVER_FAIL_OR_FLAGGED,false
c=403d1296c942,FAIL,true,true,false,true,03_START_GATE,,newly accepted,NEW_SILVER_FAIL_OR_FLAGGED,false
c=b753ad6d4b26,FAIL,true,true,false,true,07_DURATION_GATE,,newly accepted,NEW_SILVER_FAIL_OR_FLAGGED,false
c=e8c43f9a54d5,PASS,false,true,false,true,05_ENDING_CONFIDENCE,,newly accepted,FLAGGED_SAFETY_CLASS,false
c=8e31a1c1d024,PASS,false,false,false,true,04_ENDING_COMPLETE,,newly accepted,CLEAN,true
c=2e8da3d82d3c,PASS,false,false,false,true,05_ENDING_CONFIDENCE,,newly accepted,CLEAN,true
c=4e296bf93469,FAIL,true,true,false,true,05_ENDING_CONFIDENCE,,newly accepted,NEW_SILVER_FAIL_OR_FLAGGED,false
c=88fa00fefcba,FAIL,true,true,false,true,03_START_GATE,,newly accepted,NEW_SILVER_FAIL_OR_FLAGGED,false
c=0c6b94e30513,FAIL,true,true,false,true,03_START_GATE,,newly accepted,NEW_SILVER_FAIL_OR_FLAGGED,false
c=e61592727e1a,PASS,true,true,false,true,05_ENDING_CONFIDENCE,,newly accepted,FLAGGED_SAFETY_CLASS,false
c=a75cb8b701a4,FAIL,true,true,false,true,05_ENDING_CONFIDENCE,,newly accepted,NEW_SILVER_FAIL_OR_FLAGGED,false
c=76192a8ce81e,FAIL,true,true,false,true,05_ENDING_CONFIDENCE,,newly accepted,NEW_SILVER_FAIL_OR_FLAGGED,false
c=96ea8019f1d5,FAIL,true,true,false,true,03_START_GATE,,newly accepted,NEW_SILVER_FAIL_OR_FLAGGED,false
c=9e121d6b7221,FAIL,true,true,false,true,05_ENDING_CONFIDENCE,,newly accepted,NEW_SILVER_FAIL_OR_FLAGGED,false
c=d178fe0790ad,FAIL,false,false,false,true,05_ENDING_CONFIDENCE,,newly accepted,CLEAN,true
c=e66206ebba35,FAIL,true,true,false,true,04_ENDING_COMPLETE,,newly accepted,NEW_SILVER_FAIL_OR_FLAGGED,false
c=04ee0256d13f,FAIL,true,true,false,true,07_DURATION_GATE,,newly accepted,NEW_SILVER_FAIL_OR_FLAGGED,false
c=e330315241e4,REVIEW,false,true,false,true,05_ENDING_CONFIDENCE,,newly accepted,FLAGGED_SAFETY_CLASS,false
c=ee7c381be8ab,FAIL,true,true,false,true,05_ENDING_CONFIDENCE,,newly accepted,NEW_SILVER_FAIL_OR_FLAGGED,false
c=ece1e800fa4f,FAIL,true,true,false,true,05_ENDING_CONFIDENCE,,newly accepted,NEW_SILVER_FAIL_OR_FLAGGED,false
c=6b38799aa57a,FAIL,true,true,false,true,05_ENDING_CONFIDENCE,,newly accepted,NEW_SILVER_FAIL_OR_FLAGGED,false
c=af040325416f,FAIL,true,true,false,true,05_ENDING_CONFIDENCE,,newly accepted,NEW_SILVER_FAIL_OR_FLAGGED,false
c=d221a831ff98,FAIL,true,false,false,true,03_START_GATE,,newly accepted,NEW_SILVER_FAIL_OR_FLAGGED,false
c=f9a010a766c0,FAIL,true,true,false,true,04_ENDING_COMPLETE,,newly accepted,NEW_SILVER_FAIL_OR_FLAGGED,false
c=1b9ff32f697c,FAIL,false,true,false,true,07_DURATION_GATE,,newly accepted,NEW_SILVER_FAIL_OR_FLAGGED,false
c=61af689ce18e,FAIL,true,true,false,true,03_START_GATE,,newly accepted,NEW_SILVER_FAIL_OR_FLAGGED,false
c=604b0e1e55b3,PASS,true,false,false,true,05_ENDING_CONFIDENCE,,newly accepted,FLAGGED_SAFETY_CLASS,false
c=bfd6914a0bba,FAIL,false,true,false,true,05_ENDING_CONFIDENCE,,newly accepted,NEW_SILVER_FAIL_OR_FLAGGED,false
c=e293b5a7b8de,FAIL,true,true,false,true,07_DURATION_GATE,,newly accepted,NEW_SILVER_FAIL_OR_FLAGGED,false
c=0159d2fa546a,FAIL,true,true,false,true,03_START_GATE,,newly accepted,NEW_SILVER_FAIL_OR_FLAGGED,false
c=74d78c93d5fa,FAIL,true,true,false,true,03_START_GATE,,newly accepted,NEW_SILVER_FAIL_OR_FLAGGED,false
c=85137df55867,FAIL,false,true,false,true,05_ENDING_CONFIDENCE,,newly accepted,NEW_SILVER_FAIL_OR_FLAGGED,false
c=b558e0c55c77,FAIL,true,true,false,true,05_ENDING_CONFIDENCE,,newly accepted,NEW_SILVER_FAIL_OR_FLAGGED,false
c=bf2f10565902,FAIL,false,true,false,true,05_ENDING_CONFIDENCE,,newly accepted,NEW_SILVER_FAIL_OR_FLAGGED,false
c=2a736ae0a24d,FAIL,true,false,false,true,05_ENDING_CONFIDENCE,,newly accepted,NEW_SILVER_FAIL_OR_FLAGGED,false
c=4ed36065fce2,FAIL,true,true,false,true,05_ENDING_CONFIDENCE,,newly accepted,NEW_SILVER_FAIL_OR_FLAGGED,false
c=142081bda5dd,FAIL,true,true,false,true,05_ENDING_CONFIDENCE,,newly accepted,NEW_SILVER_FAIL_OR_FLAGGED,false
c=55e0c0081114,FAIL,true,true,false,true,05_ENDING_CONFIDENCE,,newly accepted,NEW_SILVER_FAIL_OR_FLAGGED,false
c=c87b619e7633,FAIL,true,true,false,true,03_START_GATE,,newly accepted,NEW_SILVER_FAIL_OR_FLAGGED,false
c=aff04c395564,FAIL,true,true,false,true,05_ENDING_CONFIDENCE,,newly accepted,NEW_SILVER_FAIL_OR_FLAGGED,false
c=814fe10f8eec,FAIL,false,true,false,true,05_ENDING_CONFIDENCE,,newly accepted,NEW_SILVER_FAIL_OR_FLAGGED,false
c=6a8b73599c4a,FAIL,true,true,false,true,05_ENDING_CONFIDENCE,,newly accepted,NEW_SILVER_FAIL_OR_FLAGGED,false
c=c463cf20cb6f,FAIL,false,false,false,true,03_START_GATE,,newly accepted,CLEAN,true
c=863e40f6ff3c,FAIL,false,false,false,true,05_ENDING_CONFIDENCE,,newly accepted,CLEAN,true
c=89f5f2623db5,PASS,false,false,false,true,05_ENDING_CONFIDENCE,,newly accepted,CLEAN,true
c=60ffcb2236cf,FAIL,true,true,false,true,03_START_GATE,,newly accepted,NEW_SILVER_FAIL_OR_FLAGGED,false
c=249972abe948,FAIL,true,true,false,true,05_ENDING_CONFIDENCE,,newly accepted,NEW_SILVER_FAIL_OR_FLAGGED,false
c=9ee1e4c7428c,FAIL,true,true,false,true,05_ENDING_CONFIDENCE,,newly accepted,NEW_SILVER_FAIL_OR_FLAGGED,false
c=9c6976be5cda,FAIL,true,true,false,true,05_ENDING_CONFIDENCE,,newly accepted,NEW_SILVER_FAIL_OR_FLAGGED,false
c=cf73aca0269d,FAIL,false,false,false,true,05_ENDING_CONFIDENCE,,newly accepted,CLEAN,true
c=25019c795a66,FAIL,true,true,false,true,05_ENDING_CONFIDENCE,,newly accepted,NEW_SILVER_FAIL_OR_FLAGGED,false
c=937ad36c16ad,FAIL,true,true,false,true,05_ENDING_CONFIDENCE,,newly accepted,NEW_SILVER_FAIL_OR_FLAGGED,false
c=c578805cc019,FAIL,false,true,false,true,05_ENDING_CONFIDENCE,,newly accepted,NEW_SILVER_FAIL_OR_FLAGGED,false
c=f036b224755b,REVIEW,false,true,false,true,07_DURATION_GATE,,newly accepted,FLAGGED_SAFETY_CLASS,false
c=858a8a6ecf9e,FAIL,true,true,false,true,05_ENDING_CONFIDENCE,,newly accepted,NEW_SILVER_FAIL_OR_FLAGGED,false
c=04cb286eea2a,FAIL,true,false,false,true,05_ENDING_CONFIDENCE,,newly accepted,NEW_SILVER_FAIL_OR_FLAGGED,false
c=accb7b3fcd00,FAIL,true,true,false,true,03_START_GATE,,newly accepted,NEW_SILVER_FAIL_OR_FLAGGED,false
c=cb7c24e086da,FAIL,true,true,false,true,05_ENDING_CONFIDENCE,,newly accepted,NEW_SILVER_FAIL_OR_FLAGGED,false
c=20397136965a,FAIL,true,true,false,true,05_ENDING_CONFIDENCE,,newly accepted,NEW_SILVER_FAIL_OR_FLAGGED,false
c=f4f0d296e652,FAIL,false,true,false,true,05_ENDING_CONFIDENCE,,newly accepted,NEW_SILVER_FAIL_OR_FLAGGED,false
c=3de6906bccbc,FAIL,false,false,false,true,05_ENDING_CONFIDENCE,,newly accepted,CLEAN,true
c=821d405b9509,FAIL,false,false,false,true,05_ENDING_CONFIDENCE,,newly accepted,CLEAN,true
c=485597b1210b,FAIL,false,false,false,true,03_START_GATE,,newly accepted,CLEAN,true
c=9d26b621a34f,FAIL,true,true,false,true,03_START_GATE,,newly accepted,NEW_SILVER_FAIL_OR_FLAGGED,false
c=538936b2e616,FAIL,true,true,false,true,03_START_GATE,,newly accepted,NEW_SILVER_FAIL_OR_FLAGGED,false
c=76610baaa229,FAIL,false,false,false,true,05_ENDING_CONFIDENCE,,newly accepted,CLEAN,true
c=3dc8dcadbf82,FAIL,true,true,false,true,05_ENDING_CONFIDENCE,,newly accepted,NEW_SILVER_FAIL_OR_FLAGGED,false
c=4581b681c518,FAIL,false,true,false,true,03_START_GATE,,newly accepted,NEW_SILVER_FAIL_OR_FLAGGED,false
c=48144e00ee76,FAIL,true,true,false,true,05_ENDING_CONFIDENCE,,newly accepted,NEW_SILVER_FAIL_OR_FLAGGED,false
c=fbd1bc763d4a,FAIL,true,false,false,true,03_START_GATE,,newly accepted,NEW_SILVER_FAIL_OR_FLAGGED,false
c=503330aaac70,FAIL,true,true,false,true,05_ENDING_CONFIDENCE,,newly accepted,NEW_SILVER_FAIL_OR_FLAGGED,false
c=e9d59309dde8,FAIL,false,false,false,true,07_DURATION_GATE,,newly accepted,CLEAN,true
c=9e2f4ad5335b,FAIL,true,true,false,true,05_ENDING_CONFIDENCE,,newly accepted,NEW_SILVER_FAIL_OR_FLAGGED,false
c=fb53d482602c,FAIL,true,true,false,true,05_ENDING_CONFIDENCE,,newly accepted,NEW_SILVER_FAIL_OR_FLAGGED,false
c=fc04f4dddf56,FAIL,true,true,false,true,05_ENDING_CONFIDENCE,,newly accepted,NEW_SILVER_FAIL_OR_FLAGGED,false
c=74f265367eae,FAIL,true,true,false,true,06_CONTAMINATION_GATE,,newly accepted,NEW_SILVER_FAIL_OR_FLAGGED,false
c=28f669e06042,FAIL,true,true,false,true,04_ENDING_COMPLETE,,newly accepted,NEW_SILVER_FAIL_OR_FLAGGED,false
c=307b36cbd455,FAIL,true,true,false,true,05_ENDING_CONFIDENCE,,newly accepted,NEW_SILVER_FAIL_OR_FLAGGED,false
c=9291e73da4b7,FAIL,true,true,false,true,04_ENDING_COMPLETE,,newly accepted,NEW_SILVER_FAIL_OR_FLAGGED,false
c=b15dabd9174b,FAIL,true,true,false,true,05_ENDING_CONFIDENCE,,newly accepted,NEW_SILVER_FAIL_OR_FLAGGED,false
c=444cbf2983a5,FAIL,false,false,false,true,05_ENDING_CONFIDENCE,,newly accepted,CLEAN,true
c=8fb87e3eee31,FAIL,true,true,false,true,05_ENDING_CONFIDENCE,,newly accepted,NEW_SILVER_FAIL_OR_FLAGGED,false
c=24d31329eab4,FAIL,true,true,false,true,03_START_GATE,,newly accepted,NEW_SILVER_FAIL_OR_FLAGGED,false
c=1ee78f21623a,FAIL,true,true,false,true,03_START_GATE,,newly accepted,NEW_SILVER_FAIL_OR_FLAGGED,false
c=9b246945fe8a,FAIL,true,false,false,true,04_ENDING_COMPLETE,,newly accepted,NEW_SILVER_FAIL_OR_FLAGGED,false
c=94c1d6f70ec3,FAIL,true,true,false,true,05_ENDING_CONFIDENCE,,newly accepted,NEW_SILVER_FAIL_OR_FLAGGED,false
c=a71f49296e03,FAIL,true,true,false,true,07_DURATION_GATE,,newly accepted,NEW_SILVER_FAIL_OR_FLAGGED,false
c=4ac046c40e8b,FAIL,true,true,false,true,03_START_GATE,,newly accepted,NEW_SILVER_FAIL_OR_FLAGGED,false
c=e7e3a7f65253,FAIL,true,true,false,true,03_START_GATE,,newly accepted,NEW_SILVER_FAIL_OR_FLAGGED,false
c=325250eefc6d,FAIL,false,true,false,true,03_START_GATE,,newly accepted,NEW_SILVER_FAIL_OR_FLAGGED,false
c=bb6c25c3cc97,FAIL,true,true,false,true,03_START_GATE,,newly accepted,NEW_SILVER_FAIL_OR_FLAGGED,false
c=714e622ee615,FAIL,true,true,false,true,05_ENDING_CONFIDENCE,,newly accepted,NEW_SILVER_FAIL_OR_FLAGGED,false
c=09f3d0ec2e77,FAIL,true,true,false,true,04_ENDING_COMPLETE,,newly accepted,NEW_SILVER_FAIL_OR_FLAGGED,false
c=ff1425ba1aab,FAIL,true,true,false,true,05_ENDING_CONFIDENCE,,newly accepted,NEW_SILVER_FAIL_OR_FLAGGED,false
c=7170e0ea5e66,FAIL,true,true,false,true,05_ENDING_CONFIDENCE,,newly accepted,NEW_SILVER_FAIL_OR_FLAGGED,false
c=7d4430531900,FAIL,true,false,false,true,05_ENDING_CONFIDENCE,,newly accepted,NEW_SILVER_FAIL_OR_FLAGGED,false
c=d5a8d94c2768,FAIL,true,true,false,true,03_START_GATE,,newly accepted,NEW_SILVER_FAIL_OR_FLAGGED,false
c=63588cb5a4d5,FAIL,true,false,false,true,05_ENDING_CONFIDENCE,,newly accepted,NEW_SILVER_FAIL_OR_FLAGGED,false
c=9a9beca1058c,FAIL,false,true,false,true,03_START_GATE,,newly accepted,NEW_SILVER_FAIL_OR_FLAGGED,false
c=691da259af02,FAIL,true,true,false,true,07_DURATION_GATE,,newly accepted,NEW_SILVER_FAIL_OR_FLAGGED,false
c=873094e659a8,FAIL,true,true,false,true,05_ENDING_CONFIDENCE,,newly accepted,NEW_SILVER_FAIL_OR_FLAGGED,false
c=ad82ae1cf740,FAIL,true,true,false,true,07_DURATION_GATE,,newly accepted,NEW_SILVER_FAIL_OR_FLAGGED,false
c=4e72a74a4aef,FAIL,true,true,false,true,05_ENDING_CONFIDENCE,,newly accepted,NEW_SILVER_FAIL_OR_FLAGGED,false
c=7f0b9ecd2722,FAIL,true,true,false,true,05_ENDING_CONFIDENCE,,newly accepted,NEW_SILVER_FAIL_OR_FLAGGED,false
c=4b4140b215e1,FAIL,true,true,false,true,05_ENDING_CONFIDENCE,,newly accepted,NEW_SILVER_FAIL_OR_FLAGGED,false
c=7fef935268ac,FAIL,true,true,false,true,03_START_GATE,,newly accepted,NEW_SILVER_FAIL_OR_FLAGGED,false
c=4802ebe604ca,FAIL,false,false,false,true,05_ENDING_CONFIDENCE,,newly accepted,CLEAN,true
c=6e2a670a1e2b,FAIL,true,true,false,true,05_ENDING_CONFIDENCE,,newly accepted,NEW_SILVER_FAIL_OR_FLAGGED,false
c=1d3f657a5854,FAIL,true,true,false,true,03_START_GATE,,newly accepted,NEW_SILVER_FAIL_OR_FLAGGED,false
c=602b1b06cc12,FAIL,true,false,false,true,07_DURATION_GATE,,newly accepted,NEW_SILVER_FAIL_OR_FLAGGED,false
c=0ddb01423bed,FAIL,true,true,false,true,05_ENDING_CONFIDENCE,,newly accepted,NEW_SILVER_FAIL_OR_FLAGGED,false
c=91a937486ae3,FAIL,true,false,false,true,12_ACCEPTANCE_THRESHOLD,,newly accepted,NEW_SILVER_FAIL_OR_FLAGGED,false
c=211771226651,FAIL,true,true,false,true,05_ENDING_CONFIDENCE,,newly accepted,NEW_SILVER_FAIL_OR_FLAGGED,false
c=407d4ce69d2c,FAIL,true,true,false,true,05_ENDING_CONFIDENCE,,newly accepted,NEW_SILVER_FAIL_OR_FLAGGED,false
c=6aa93bf835b8,FAIL,true,true,false,true,05_ENDING_CONFIDENCE,,newly accepted,NEW_SILVER_FAIL_OR_FLAGGED,false
c=e4ed462ee2d0,FAIL,true,true,false,true,03_START_GATE,,newly accepted,NEW_SILVER_FAIL_OR_FLAGGED,false
c=e9ca5e935dbc,FAIL,true,true,false,true,03_START_GATE,,newly accepted,NEW_SILVER_FAIL_OR_FLAGGED,false
c=b0a36c1aa6f7,FAIL,true,true,false,true,03_START_GATE,,newly accepted,NEW_SILVER_FAIL_OR_FLAGGED,false
c=62ab2e18cd84,FAIL,true,true,false,true,05_ENDING_CONFIDENCE,,newly accepted,NEW_SILVER_FAIL_OR_FLAGGED,false
c=686eb3873232,FAIL,true,true,false,true,05_ENDING_CONFIDENCE,,newly accepted,NEW_SILVER_FAIL_OR_FLAGGED,false
c=8c340cb61a7d,FAIL,true,true,false,true,05_ENDING_CONFIDENCE,,newly accepted,NEW_SILVER_FAIL_OR_FLAGGED,false
c=19e3a9aca16c,FAIL,true,true,false,true,05_ENDING_CONFIDENCE,,newly accepted,NEW_SILVER_FAIL_OR_FLAGGED,false
c=8583317c867a,FAIL,true,true,false,true,07_DURATION_GATE,,newly accepted,NEW_SILVER_FAIL_OR_FLAGGED,false
c=339c47686d73,FAIL,true,true,false,true,05_ENDING_CONFIDENCE,,newly accepted,NEW_SILVER_FAIL_OR_FLAGGED,false
c=0f341df5a7fd,FAIL,true,false,false,true,05_ENDING_CONFIDENCE,,newly accepted,NEW_SILVER_FAIL_OR_FLAGGED,false
c=1ffaaadc2d40,FAIL,true,true,false,true,07_DURATION_GATE,,newly accepted,NEW_SILVER_FAIL_OR_FLAGGED,false
c=df3e918b0403,FAIL,false,false,false,true,05_ENDING_CONFIDENCE,,newly accepted,CLEAN,true
c=88767cded5c8,FAIL,true,true,false,true,05_ENDING_CONFIDENCE,,newly accepted,NEW_SILVER_FAIL_OR_FLAGGED,false
c=80e68aabcf35,FAIL,true,true,false,true,07_DURATION_GATE,,newly accepted,NEW_SILVER_FAIL_OR_FLAGGED,false
c=193cd026d77d,FAIL,true,false,false,true,07_DURATION_GATE,,newly accepted,NEW_SILVER_FAIL_OR_FLAGGED,false
c=ee8850485cce,FAIL,true,true,false,true,03_START_GATE,,newly accepted,NEW_SILVER_FAIL_OR_FLAGGED,false
c=0cc4b9bf6295,FAIL,true,true,false,true,05_ENDING_CONFIDENCE,,newly accepted,NEW_SILVER_FAIL_OR_FLAGGED,false
c=f33c9ba2ceab,FAIL,true,true,false,true,04_ENDING_COMPLETE,,newly accepted,NEW_SILVER_FAIL_OR_FLAGGED,false
c=6e2330173a98,FAIL,true,true,false,true,03_START_GATE,,newly accepted,NEW_SILVER_FAIL_OR_FLAGGED,false
c=b61f744789d9,FAIL,true,true,false,true,05_ENDING_CONFIDENCE,,newly accepted,NEW_SILVER_FAIL_OR_FLAGGED,false
c=e996af8e7116,FAIL,true,false,false,true,04_ENDING_COMPLETE,,newly accepted,NEW_SILVER_FAIL_OR_FLAGGED,false
c=ef1b8926843f,FAIL,true,true,false,true,05_ENDING_CONFIDENCE,,newly accepted,NEW_SILVER_FAIL_OR_FLAGGED,false
c=2fae9d6556ea,FAIL,false,false,false,true,05_ENDING_CONFIDENCE,,newly accepted,CLEAN,true
c=17966edf9841,FAIL,true,true,false,true,05_ENDING_CONFIDENCE,,newly accepted,NEW_SILVER_FAIL_OR_FLAGGED,false
c=9a772ef2b3ca,FAIL,false,false,false,true,03_START_GATE,,newly accepted,CLEAN,true
c=97bb57f1134d,FAIL,true,true,false,true,05_ENDING_CONFIDENCE,,newly accepted,NEW_SILVER_FAIL_OR_FLAGGED,false
c=1d647afd843c,FAIL,true,true,false,true,04_ENDING_COMPLETE,,newly accepted,NEW_SILVER_FAIL_OR_FLAGGED,false
c=8293a0950af8,FAIL,true,true,false,true,03_START_GATE,,newly accepted,NEW_SILVER_FAIL_OR_FLAGGED,false
c=118e79831011,FAIL,true,true,false,true,05_ENDING_CONFIDENCE,,newly accepted,NEW_SILVER_FAIL_OR_FLAGGED,false
c=4298428c2062,FAIL,true,true,false,true,03_START_GATE,,newly accepted,NEW_SILVER_FAIL_OR_FLAGGED,false
c=934df5c89124,FAIL,true,true,false,true,03_START_GATE,,newly accepted,NEW_SILVER_FAIL_OR_FLAGGED,false
c=db867b4124ae,FAIL,true,true,false,true,05_ENDING_CONFIDENCE,,newly accepted,NEW_SILVER_FAIL_OR_FLAGGED,false
c=59d1a5729434,FAIL,true,false,false,true,05_ENDING_CONFIDENCE,,newly accepted,NEW_SILVER_FAIL_OR_FLAGGED,false
c=abf3ba28a4a0,FAIL,true,false,false,true,05_ENDING_CONFIDENCE,,newly accepted,NEW_SILVER_FAIL_OR_FLAGGED,false
c=d1aa8efdcce1,FAIL,true,true,false,true,05_ENDING_CONFIDENCE,,newly accepted,NEW_SILVER_FAIL_OR_FLAGGED,false
c=420db388eb4b,FAIL,true,true,false,true,12_ACCEPTANCE_THRESHOLD,,newly accepted,NEW_SILVER_FAIL_OR_FLAGGED,false
c=641d9229f4e8,FAIL,true,true,false,true,05_ENDING_CONFIDENCE,,newly accepted,NEW_SILVER_FAIL_OR_FLAGGED,false
c=a3109cc0afc5,FAIL,true,true,false,true,07_DURATION_GATE,,newly accepted,NEW_SILVER_FAIL_OR_FLAGGED,false
c=0331d2e45170,FAIL,true,true,false,true,05_ENDING_CONFIDENCE,,newly accepted,NEW_SILVER_FAIL_OR_FLAGGED,false
c=d1eafe8fd471,FAIL,true,true,false,true,05_ENDING_CONFIDENCE,,newly accepted,NEW_SILVER_FAIL_OR_FLAGGED,false
c=7ab5199bccef,FAIL,true,true,false,true,03_START_GATE,,newly accepted,NEW_SILVER_FAIL_OR_FLAGGED,false
c=96135d88b859,FAIL,true,true,false,true,05_ENDING_CONFIDENCE,,newly accepted,NEW_SILVER_FAIL_OR_FLAGGED,false
c=661957b07cac,FAIL,true,false,false,true,03_START_GATE,,newly accepted,NEW_SILVER_FAIL_OR_FLAGGED,false
c=4a5abdaf18ee,FAIL,true,true,false,true,05_ENDING_CONFIDENCE,,newly accepted,NEW_SILVER_FAIL_OR_FLAGGED,false
c=9844f4aaa141,FAIL,true,false,false,true,03_START_GATE,,newly accepted,NEW_SILVER_FAIL_OR_FLAGGED,false
c=844e021c42a1,FAIL,true,false,false,true,05_ENDING_CONFIDENCE,,newly accepted,NEW_SILVER_FAIL_OR_FLAGGED,false
c=17754a36d226,FAIL,false,false,false,true,03_START_GATE,,newly accepted,CLEAN,true
c=7be2bb6bbc80,FAIL,true,false,false,true,04_ENDING_COMPLETE,,newly accepted,NEW_SILVER_FAIL_OR_FLAGGED,false
c=c6d1569a55bb,FAIL,true,false,false,true,05_ENDING_CONFIDENCE,,newly accepted,NEW_SILVER_FAIL_OR_FLAGGED,false
c=181a21d55be6,FAIL,true,true,false,true,12_ACCEPTANCE_THRESHOLD,,newly accepted,NEW_SILVER_FAIL_OR_FLAGGED,false
c=325c3b998344,FAIL,true,true,false,true,03_START_GATE,,newly accepted,NEW_SILVER_FAIL_OR_FLAGGED,false
c=3607586cf74f,FAIL,true,true,false,true,03_START_GATE,,newly accepted,NEW_SILVER_FAIL_OR_FLAGGED,false
c=f52eaf666cb1,FAIL,true,true,false,true,03_START_GATE,,newly accepted,NEW_SILVER_FAIL_OR_FLAGGED,false
c=56ec02aa52d8,FAIL,true,true,false,true,05_ENDING_CONFIDENCE,,newly accepted,NEW_SILVER_FAIL_OR_FLAGGED,false
c=6ceb32b3834a,FAIL,true,true,false,true,03_START_GATE,,newly accepted,NEW_SILVER_FAIL_OR_FLAGGED,false
c=b0b734b3b5b2,FAIL,false,true,false,true,05_ENDING_CONFIDENCE,,newly accepted,NEW_SILVER_FAIL_OR_FLAGGED,false
c=cf319752a204,FAIL,true,true,false,true,05_ENDING_CONFIDENCE,,newly accepted,NEW_SILVER_FAIL_OR_FLAGGED,false
c=3068d327dfa7,FAIL,true,false,false,true,05_ENDING_CONFIDENCE,,newly accepted,NEW_SILVER_FAIL_OR_FLAGGED,false
c=e783bacc435d,PASS,false,false,false,true,05_ENDING_CONFIDENCE,,newly accepted,CLEAN,true
c=6723b7bdf8dc,FAIL,true,true,false,true,05_ENDING_CONFIDENCE,,newly accepted,NEW_SILVER_FAIL_OR_FLAGGED,false
c=3459e4222cde,REVIEW,false,true,false,true,05_ENDING_CONFIDENCE,,newly accepted,FLAGGED_SAFETY_CLASS,false
c=9b1950ff34af,FAIL,true,true,false,true,07_DURATION_GATE,,newly accepted,NEW_SILVER_FAIL_OR_FLAGGED,false
c=cfd84744cbe9,FAIL,true,true,false,true,05_ENDING_CONFIDENCE,,newly accepted,NEW_SILVER_FAIL_OR_FLAGGED,false
c=7701843ac826,FAIL,true,true,false,true,05_ENDING_CONFIDENCE,,newly accepted,NEW_SILVER_FAIL_OR_FLAGGED,false
c=01cc16e7bdef,PASS,true,false,false,true,05_ENDING_CONFIDENCE,,newly accepted,FLAGGED_SAFETY_CLASS,false
c=9bfcef88df7e,FAIL,false,false,false,true,03_START_GATE,,newly accepted,CLEAN,true
c=8de3144cf943,FAIL,true,false,false,true,05_ENDING_CONFIDENCE,,newly accepted,NEW_SILVER_FAIL_OR_FLAGGED,false
c=cf899a0a5269,FAIL,true,true,false,true,03_START_GATE,,newly accepted,NEW_SILVER_FAIL_OR_FLAGGED,false
c=68f0f52434be,FAIL,true,true,false,true,07_DURATION_GATE,,newly accepted,NEW_SILVER_FAIL_OR_FLAGGED,false
c=fa978ff5ed06,FAIL,false,true,false,true,05_ENDING_CONFIDENCE,,newly accepted,NEW_SILVER_FAIL_OR_FLAGGED,false
c=229d91405599,FAIL,true,false,false,true,05_ENDING_CONFIDENCE,,newly accepted,NEW_SILVER_FAIL_OR_FLAGGED,false
c=61196f3a5922,FAIL,true,true,false,true,03_START_GATE,,newly accepted,NEW_SILVER_FAIL_OR_FLAGGED,false
c=d5c53cc0f5ac,FAIL,true,true,false,true,07_DURATION_GATE,,newly accepted,NEW_SILVER_FAIL_OR_FLAGGED,false
c=7a67586b3612,FAIL,true,true,false,true,05_ENDING_CONFIDENCE,,newly accepted,NEW_SILVER_FAIL_OR_FLAGGED,false
c=f07e6a244da9,FAIL,true,true,false,true,12_ACCEPTANCE_THRESHOLD,,newly accepted,NEW_SILVER_FAIL_OR_FLAGGED,false
c=004125b3d651,FAIL,true,true,false,true,03_START_GATE,,newly accepted,NEW_SILVER_FAIL_OR_FLAGGED,false
c=3d68f9336412,FAIL,true,true,false,true,05_ENDING_CONFIDENCE,,newly accepted,NEW_SILVER_FAIL_OR_FLAGGED,false
c=86144e9f6d7c,FAIL,true,true,false,true,03_START_GATE,,newly accepted,NEW_SILVER_FAIL_OR_FLAGGED,false
c=fa4b940ebea8,FAIL,true,true,false,true,03_START_GATE,,newly accepted,NEW_SILVER_FAIL_OR_FLAGGED,false
c=64020c313d04,FAIL,true,true,false,true,07_DURATION_GATE,,newly accepted,NEW_SILVER_FAIL_OR_FLAGGED,false
c=3de206aea8a7,FAIL,true,true,false,true,03_START_GATE,,newly accepted,NEW_SILVER_FAIL_OR_FLAGGED,false
c=df9089cafca9,FAIL,true,true,false,true,05_ENDING_CONFIDENCE,,newly accepted,NEW_SILVER_FAIL_OR_FLAGGED,false
c=2c2570029319,FAIL,true,true,false,true,12_ACCEPTANCE_THRESHOLD,,newly accepted,NEW_SILVER_FAIL_OR_FLAGGED,false
c=522a46ef783d,FAIL,true,true,false,true,05_ENDING_CONFIDENCE,,newly accepted,NEW_SILVER_FAIL_OR_FLAGGED,false
c=d08b5d5f0afc,FAIL,true,true,false,true,05_ENDING_CONFIDENCE,,newly accepted,NEW_SILVER_FAIL_OR_FLAGGED,false
c=badf9c1ab163,FAIL,true,true,false,true,07_DURATION_GATE,,newly accepted,NEW_SILVER_FAIL_OR_FLAGGED,false
c=eefacc554f3b,FAIL,true,true,false,true,05_ENDING_CONFIDENCE,,newly accepted,NEW_SILVER_FAIL_OR_FLAGGED,false
c=fb3445576f0c,FAIL,true,true,false,true,05_ENDING_CONFIDENCE,,newly accepted,NEW_SILVER_FAIL_OR_FLAGGED,false
c=f36aee07fbca,FAIL,true,false,false,true,03_START_GATE,,newly accepted,NEW_SILVER_FAIL_OR_FLAGGED,false
c=15bc4db7c71c,FAIL,true,true,false,true,03_START_GATE,,newly accepted,NEW_SILVER_FAIL_OR_FLAGGED,false
c=d20e78763052,FAIL,true,false,false,true,03_START_GATE,,newly accepted,NEW_SILVER_FAIL_OR_FLAGGED,false
c=790da887f28a,FAIL,true,true,false,true,05_ENDING_CONFIDENCE,,newly accepted,NEW_SILVER_FAIL_OR_FLAGGED,false
c=64904eef664a,FAIL,true,true,false,true,05_ENDING_CONFIDENCE,,newly accepted,NEW_SILVER_FAIL_OR_FLAGGED,false
c=e227de47511f,FAIL,true,true,false,true,05_ENDING_CONFIDENCE,,newly accepted,NEW_SILVER_FAIL_OR_FLAGGED,false
c=29afaa193e22,FAIL,true,true,false,true,05_ENDING_CONFIDENCE,,newly accepted,NEW_SILVER_FAIL_OR_FLAGGED,false
c=62635bce5e7d,FAIL,true,true,false,true,05_ENDING_CONFIDENCE,,newly accepted,NEW_SILVER_FAIL_OR_FLAGGED,false
c=9ce745240bd3,FAIL,true,true,false,true,03_START_GATE,,newly accepted,NEW_SILVER_FAIL_OR_FLAGGED,false
c=22249d26020b,FAIL,true,true,false,true,03_START_GATE,,newly accepted,NEW_SILVER_FAIL_OR_FLAGGED,false
c=0715279202c9,FAIL,true,true,false,true,05_ENDING_CONFIDENCE,,newly accepted,NEW_SILVER_FAIL_OR_FLAGGED,false
c=0eefa9fa69ca,FAIL,true,false,false,true,05_ENDING_CONFIDENCE,,newly accepted,NEW_SILVER_FAIL_OR_FLAGGED,false
c=732e4ad5f7ef,FAIL,true,true,false,true,03_START_GATE,,newly accepted,NEW_SILVER_FAIL_OR_FLAGGED,false
c=4393357e447d,FAIL,true,true,false,true,05_ENDING_CONFIDENCE,,newly accepted,NEW_SILVER_FAIL_OR_FLAGGED,false
c=ff14d31e95b7,FAIL,true,true,false,true,03_START_GATE,,newly accepted,NEW_SILVER_FAIL_OR_FLAGGED,false
c=74d58e09e618,FAIL,true,true,false,true,03_START_GATE,,newly accepted,NEW_SILVER_FAIL_OR_FLAGGED,false
c=10c31cb4400e,FAIL,true,true,false,true,03_START_GATE,,newly accepted,NEW_SILVER_FAIL_OR_FLAGGED,false
c=fd3af6fdd140,FAIL,true,true,false,true,05_ENDING_CONFIDENCE,,newly accepted,NEW_SILVER_FAIL_OR_FLAGGED,false
c=0993798a6756,FAIL,true,true,false,true,05_ENDING_CONFIDENCE,,newly accepted,NEW_SILVER_FAIL_OR_FLAGGED,false
c=4fbd11552d31,FAIL,true,true,false,true,05_ENDING_CONFIDENCE,,newly accepted,NEW_SILVER_FAIL_OR_FLAGGED,false
c=3dea3e5457fa,FAIL,true,true,false,true,05_ENDING_CONFIDENCE,,newly accepted,NEW_SILVER_FAIL_OR_FLAGGED,false
c=4dd5f671a4bf,FAIL,true,true,false,true,05_ENDING_CONFIDENCE,,newly accepted,NEW_SILVER_FAIL_OR_FLAGGED,false
c=5c8e458608a5,FAIL,true,true,false,true,05_ENDING_CONFIDENCE,,newly accepted,NEW_SILVER_FAIL_OR_FLAGGED,false
c=39809f08d870,FAIL,true,true,false,true,03_START_GATE,,newly accepted,NEW_SILVER_FAIL_OR_FLAGGED,false
c=b356115ea703,FAIL,true,true,false,true,05_ENDING_CONFIDENCE,,newly accepted,NEW_SILVER_FAIL_OR_FLAGGED,false
c=efc96b5ff357,FAIL,true,true,false,true,03_START_GATE,,newly accepted,NEW_SILVER_FAIL_OR_FLAGGED,false
c=0b7365711665,FAIL,true,true,false,true,03_START_GATE,,newly accepted,NEW_SILVER_FAIL_OR_FLAGGED,false
c=a9454d171520,FAIL,true,true,false,true,03_START_GATE,,newly accepted,NEW_SILVER_FAIL_OR_FLAGGED,false
c=0a8930d6547d,FAIL,true,true,false,true,05_ENDING_CONFIDENCE,,newly accepted,NEW_SILVER_FAIL_OR_FLAGGED,false
c=7ad4c7ea26e1,FAIL,true,true,false,true,03_START_GATE,,newly accepted,NEW_SILVER_FAIL_OR_FLAGGED,false
c=0ea0eec5861d,FAIL,true,true,false,true,05_ENDING_CONFIDENCE,,newly accepted,NEW_SILVER_FAIL_OR_FLAGGED,false
c=bb5e426b24d4,FAIL,true,true,false,true,05_ENDING_CONFIDENCE,,newly accepted,NEW_SILVER_FAIL_OR_FLAGGED,false
c=34a26a170074,FAIL,false,true,false,true,03_START_GATE,,newly accepted,NEW_SILVER_FAIL_OR_FLAGGED,false
c=ed3006ecb613,FAIL,true,true,false,true,03_START_GATE,,newly accepted,NEW_SILVER_FAIL_OR_FLAGGED,false
c=b0f88c74d568,FAIL,true,true,false,true,05_ENDING_CONFIDENCE,,newly accepted,NEW_SILVER_FAIL_OR_FLAGGED,false
c=b93dea14069f,FAIL,true,true,false,true,05_ENDING_CONFIDENCE,,newly accepted,NEW_SILVER_FAIL_OR_FLAGGED,false
c=954b13bd8fc5,FAIL,true,true,false,true,05_ENDING_CONFIDENCE,,newly accepted,NEW_SILVER_FAIL_OR_FLAGGED,false
c=6e6c50932afe,FAIL,true,true,false,true,05_ENDING_CONFIDENCE,,newly accepted,NEW_SILVER_FAIL_OR_FLAGGED,false
c=9e6083fd582d,FAIL,true,true,false,true,05_ENDING_CONFIDENCE,,newly accepted,NEW_SILVER_FAIL_OR_FLAGGED,false
c=af2c9767dfc9,FAIL,true,false,false,true,03_START_GATE,,newly accepted,NEW_SILVER_FAIL_OR_FLAGGED,false
c=d84c8ed84c1d,FAIL,true,true,false,true,03_START_GATE,,newly accepted,NEW_SILVER_FAIL_OR_FLAGGED,false
c=cc93f78f2560,FAIL,true,true,false,true,05_ENDING_CONFIDENCE,,newly accepted,NEW_SILVER_FAIL_OR_FLAGGED,false
c=5344309f5035,FAIL,true,false,false,true,03_START_GATE,,newly accepted,NEW_SILVER_FAIL_OR_FLAGGED,false
c=89c7ff470ab9,FAIL,true,true,false,true,05_ENDING_CONFIDENCE,,newly accepted,NEW_SILVER_FAIL_OR_FLAGGED,false
c=6065a196f512,FAIL,true,true,false,true,05_ENDING_CONFIDENCE,,newly accepted,NEW_SILVER_FAIL_OR_FLAGGED,false
c=1050a749a4ab,FAIL,true,true,false,true,05_ENDING_CONFIDENCE,,newly accepted,NEW_SILVER_FAIL_OR_FLAGGED,false
c=30530741cb5d,FAIL,true,true,false,true,05_ENDING_CONFIDENCE,,newly accepted,NEW_SILVER_FAIL_OR_FLAGGED,false
c=f88e817e3405,FAIL,true,true,false,true,03_START_GATE,,newly accepted,NEW_SILVER_FAIL_OR_FLAGGED,false
c=01d19a20f680,FAIL,true,true,false,true,03_START_GATE,,newly accepted,NEW_SILVER_FAIL_OR_FLAGGED,false
c=bc972bc28ba9,FAIL,true,true,false,true,03_START_GATE,,newly accepted,NEW_SILVER_FAIL_OR_FLAGGED,false
c=cd6ab088f406,FAIL,true,true,false,true,05_ENDING_CONFIDENCE,,newly accepted,NEW_SILVER_FAIL_OR_FLAGGED,false
c=0b8036e74010,FAIL,true,true,false,true,03_START_GATE,,newly accepted,NEW_SILVER_FAIL_OR_FLAGGED,false
c=4aadfdb28614,FAIL,true,true,false,true,03_START_GATE,,newly accepted,NEW_SILVER_FAIL_OR_FLAGGED,false
c=f2b09412b76a,FAIL,true,true,false,true,03_START_GATE,,newly accepted,NEW_SILVER_FAIL_OR_FLAGGED,false
c=3ec20b4e7bdb,FAIL,true,true,false,true,05_ENDING_CONFIDENCE,,newly accepted,NEW_SILVER_FAIL_OR_FLAGGED,false
c=75eefcbb5637,FAIL,true,true,false,true,03_START_GATE,,newly accepted,NEW_SILVER_FAIL_OR_FLAGGED,false
c=39bc82d281fe,FAIL,true,true,false,true,05_ENDING_CONFIDENCE,,newly accepted,NEW_SILVER_FAIL_OR_FLAGGED,false
c=ef880ff1313e,FAIL,true,true,false,true,05_ENDING_CONFIDENCE,,newly accepted,NEW_SILVER_FAIL_OR_FLAGGED,false
c=1913d2cef342,FAIL,true,true,false,true,03_START_GATE,,newly accepted,NEW_SILVER_FAIL_OR_FLAGGED,false
c=12592847e510,FAIL,true,true,false,true,05_ENDING_CONFIDENCE,,newly accepted,NEW_SILVER_FAIL_OR_FLAGGED,false
c=61f36afc88b9,FAIL,true,true,false,true,03_START_GATE,,newly accepted,NEW_SILVER_FAIL_OR_FLAGGED,false
c=c1e4676c7568,FAIL,true,true,false,true,05_ENDING_CONFIDENCE,,newly accepted,NEW_SILVER_FAIL_OR_FLAGGED,false
c=8da1ffee2f07,FAIL,true,true,false,true,03_START_GATE,,newly accepted,NEW_SILVER_FAIL_OR_FLAGGED,false
c=a7c70f811837,FAIL,true,true,false,true,05_ENDING_CONFIDENCE,,newly accepted,NEW_SILVER_FAIL_OR_FLAGGED,false
c=62d45d3f4110,FAIL,true,true,false,true,05_ENDING_CONFIDENCE,,newly accepted,NEW_SILVER_FAIL_OR_FLAGGED,false
c=c410ad997f6c,FAIL,false,false,false,true,04_ENDING_COMPLETE,,newly accepted,CLEAN,true
c=838e8882741c,FAIL,true,true,false,true,04_ENDING_COMPLETE,,newly accepted,NEW_SILVER_FAIL_OR_FLAGGED,false
c=04eb387f9df0,FAIL,true,true,false,true,04_ENDING_COMPLETE,,newly accepted,NEW_SILVER_FAIL_OR_FLAGGED,false
c=3530365d9492,FAIL,false,true,false,true,04_ENDING_COMPLETE,,newly accepted,NEW_SILVER_FAIL_OR_FLAGGED,false
c=20ead57a75ba,FAIL,true,true,false,true,04_ENDING_COMPLETE,,newly accepted,NEW_SILVER_FAIL_OR_FLAGGED,false
c=66793f247b52,FAIL,true,true,false,true,04_ENDING_COMPLETE,,newly accepted,NEW_SILVER_FAIL_OR_FLAGGED,false
c=dc86cdd46fad,FAIL,true,true,false,true,04_ENDING_COMPLETE,,newly accepted,NEW_SILVER_FAIL_OR_FLAGGED,false
c=d6a753effac3,FAIL,true,true,false,true,04_ENDING_COMPLETE,,newly accepted,NEW_SILVER_FAIL_OR_FLAGGED,false
c=5ba8e08ddcfa,FAIL,true,true,false,true,04_ENDING_COMPLETE,,newly accepted,NEW_SILVER_FAIL_OR_FLAGGED,false
c=fc414046e98f,FAIL,true,true,false,true,04_ENDING_COMPLETE,,newly accepted,NEW_SILVER_FAIL_OR_FLAGGED,false
c=a6087fc24f50,FAIL,true,true,false,true,04_ENDING_COMPLETE,,newly accepted,NEW_SILVER_FAIL_OR_FLAGGED,false
c=4ba55bd87a91,FAIL,true,true,false,true,04_ENDING_COMPLETE,,newly accepted,NEW_SILVER_FAIL_OR_FLAGGED,false
c=8e811b9695df,FAIL,true,false,false,true,04_ENDING_COMPLETE,,newly accepted,NEW_SILVER_FAIL_OR_FLAGGED,false
c=9e94a8b9a84c,FAIL,true,true,false,true,04_ENDING_COMPLETE,,newly accepted,NEW_SILVER_FAIL_OR_FLAGGED,false
c=24a233d5fb09,FAIL,true,false,false,true,04_ENDING_COMPLETE,,newly accepted,NEW_SILVER_FAIL_OR_FLAGGED,false
c=8652ccf7e90f,FAIL,false,false,false,true,04_ENDING_COMPLETE,,newly accepted,CLEAN,true
c=5956d82f141a,FAIL,false,false,false,true,04_ENDING_COMPLETE,,newly accepted,CLEAN,true
c=579ce7c7ae72,FAIL,true,true,false,true,04_ENDING_COMPLETE,,newly accepted,NEW_SILVER_FAIL_OR_FLAGGED,false
c=39c2fc0001b4,FAIL,true,true,false,true,04_ENDING_COMPLETE,,newly accepted,NEW_SILVER_FAIL_OR_FLAGGED,false
c=5d4688039ab1,FAIL,true,true,false,true,04_ENDING_COMPLETE,,newly accepted,NEW_SILVER_FAIL_OR_FLAGGED,false
c=b69cff48a835,FAIL,true,true,false,true,04_ENDING_COMPLETE,,newly accepted,NEW_SILVER_FAIL_OR_FLAGGED,false
c=4554409f9874,FAIL,true,true,false,true,04_ENDING_COMPLETE,,newly accepted,NEW_SILVER_FAIL_OR_FLAGGED,false
c=776b141172e0,FAIL,false,false,false,true,07_DURATION_GATE,,newly accepted,CLEAN,true
c=39b4302deff1,FAIL,true,true,false,true,04_ENDING_COMPLETE,,newly accepted,NEW_SILVER_FAIL_OR_FLAGGED,false
c=8616efa4dfa6,FAIL,true,true,false,true,04_ENDING_COMPLETE,,newly accepted,NEW_SILVER_FAIL_OR_FLAGGED,false
c=92bef482c319,FAIL,false,true,false,true,04_ENDING_COMPLETE,,newly accepted,NEW_SILVER_FAIL_OR_FLAGGED,false
c=abf6809c1f45,FAIL,true,true,false,true,04_ENDING_COMPLETE,,newly accepted,NEW_SILVER_FAIL_OR_FLAGGED,false
c=4acba6c06e08,FAIL,true,true,false,true,04_ENDING_COMPLETE,,newly accepted,NEW_SILVER_FAIL_OR_FLAGGED,false
c=7c6619cfa752,FAIL,true,true,false,true,04_ENDING_COMPLETE,,newly accepted,NEW_SILVER_FAIL_OR_FLAGGED,false
c=f2368808c0c5,FAIL,true,true,false,true,04_ENDING_COMPLETE,,newly accepted,NEW_SILVER_FAIL_OR_FLAGGED,false
c=750dfd7d46fb,FAIL,true,true,false,true,07_DURATION_GATE,,newly accepted,NEW_SILVER_FAIL_OR_FLAGGED,false
c=fad35e0d1a88,FAIL,true,true,false,true,04_ENDING_COMPLETE,,newly accepted,NEW_SILVER_FAIL_OR_FLAGGED,false
c=051da761b525,FAIL,true,true,false,true,04_ENDING_COMPLETE,,newly accepted,NEW_SILVER_FAIL_OR_FLAGGED,false
c=8a8caaba84df,FAIL,true,true,false,true,04_ENDING_COMPLETE,,newly accepted,NEW_SILVER_FAIL_OR_FLAGGED,false
c=dbda7da6c2c1,FAIL,true,true,false,true,04_ENDING_COMPLETE,,newly accepted,NEW_SILVER_FAIL_OR_FLAGGED,false
c=0fb0d871c5aa,FAIL,true,true,false,true,04_ENDING_COMPLETE,,newly accepted,NEW_SILVER_FAIL_OR_FLAGGED,false
c=b64aba548e90,FAIL,false,true,false,true,04_ENDING_COMPLETE,,newly accepted,NEW_SILVER_FAIL_OR_FLAGGED,false
c=aee89a74a40c,FAIL,true,true,false,true,04_ENDING_COMPLETE,,newly accepted,NEW_SILVER_FAIL_OR_FLAGGED,false
c=e58e6721f1ad,FAIL,false,true,false,true,04_ENDING_COMPLETE,,newly accepted,NEW_SILVER_FAIL_OR_FLAGGED,false
c=15db40d6dca1,FAIL,true,true,false,true,04_ENDING_COMPLETE,,newly accepted,NEW_SILVER_FAIL_OR_FLAGGED,false
c=034b191a2b7e,FAIL,true,true,false,true,03_START_GATE,,newly accepted,NEW_SILVER_FAIL_OR_FLAGGED,false
c=2b2afe1d834c,FAIL,true,true,false,true,07_DURATION_GATE,,newly accepted,NEW_SILVER_FAIL_OR_FLAGGED,false
c=1e4705b8dfd4,FAIL,true,true,false,true,05_ENDING_CONFIDENCE,,newly accepted,NEW_SILVER_FAIL_OR_FLAGGED,false
c=cb087f1e340a,FAIL,true,true,false,true,03_START_GATE,,newly accepted,NEW_SILVER_FAIL_OR_FLAGGED,false
c=4b8864c310d3,FAIL,true,true,false,true,05_ENDING_CONFIDENCE,,newly accepted,NEW_SILVER_FAIL_OR_FLAGGED,false
c=8f4c6b9115b4,FAIL,false,true,false,true,05_ENDING_CONFIDENCE,,newly accepted,NEW_SILVER_FAIL_OR_FLAGGED,false
c=d67f3fddfe4c,FAIL,true,true,false,true,03_START_GATE,,newly accepted,NEW_SILVER_FAIL_OR_FLAGGED,false
c=5755ef4bff9f,FAIL,true,true,false,true,05_ENDING_CONFIDENCE,,newly accepted,NEW_SILVER_FAIL_OR_FLAGGED,false
c=2a12042ef32f,FAIL,true,true,false,true,03_START_GATE,,newly accepted,NEW_SILVER_FAIL_OR_FLAGGED,false
c=19483c4136db,FAIL,true,true,false,true,07_DURATION_GATE,,newly accepted,NEW_SILVER_FAIL_OR_FLAGGED,false
c=8ab3662400ce,FAIL,true,true,false,true,05_ENDING_CONFIDENCE,,newly accepted,NEW_SILVER_FAIL_OR_FLAGGED,false
c=270f0c069e3d,FAIL,false,false,false,true,07_DURATION_GATE,,newly accepted,CLEAN,true
c=8b967ae58864,FAIL,true,true,false,true,03_START_GATE,,newly accepted,NEW_SILVER_FAIL_OR_FLAGGED,false
c=f730573bb1ef,FAIL,true,true,false,true,03_START_GATE,,newly accepted,NEW_SILVER_FAIL_OR_FLAGGED,false
c=7c024252d888,FAIL,true,true,false,true,03_START_GATE,,newly accepted,NEW_SILVER_FAIL_OR_FLAGGED,false
c=7aab958e7699,FAIL,true,true,false,true,05_ENDING_CONFIDENCE,,newly accepted,NEW_SILVER_FAIL_OR_FLAGGED,false
c=b99c5bdeb83a,FAIL,false,false,false,true,03_START_GATE,,newly accepted,CLEAN,true
c=e2b23b1b7a03,FAIL,true,true,false,true,05_ENDING_CONFIDENCE,,newly accepted,NEW_SILVER_FAIL_OR_FLAGGED,false
c=da859c20ba8d,FAIL,true,true,false,true,03_START_GATE,,newly accepted,NEW_SILVER_FAIL_OR_FLAGGED,false
c=979e03b50ec1,FAIL,true,true,false,true,05_ENDING_CONFIDENCE,,newly accepted,NEW_SILVER_FAIL_OR_FLAGGED,false
c=a0591b5149a8,FAIL,true,true,false,true,04_ENDING_COMPLETE,,newly accepted,NEW_SILVER_FAIL_OR_FLAGGED,false
c=bf46b383409d,FAIL,true,true,false,true,04_ENDING_COMPLETE,,newly accepted,NEW_SILVER_FAIL_OR_FLAGGED,false
c=f0dba52b54f9,FAIL,false,true,false,true,03_START_GATE,,newly accepted,NEW_SILVER_FAIL_OR_FLAGGED,false
c=6b1e99b64f87,FAIL,true,false,false,true,03_START_GATE,,newly accepted,NEW_SILVER_FAIL_OR_FLAGGED,false
c=41a6fb754065,FAIL,true,true,false,true,05_ENDING_CONFIDENCE,,newly accepted,NEW_SILVER_FAIL_OR_FLAGGED,false
c=c8d4b9bd438e,FAIL,true,true,false,true,03_START_GATE,,newly accepted,NEW_SILVER_FAIL_OR_FLAGGED,false
c=507346fbf19c,FAIL,true,true,false,true,03_START_GATE,,newly accepted,NEW_SILVER_FAIL_OR_FLAGGED,false
c=f716e4066232,FAIL,true,false,false,true,03_START_GATE,,newly accepted,NEW_SILVER_FAIL_OR_FLAGGED,false
c=1338bdd4b591,FAIL,true,false,false,true,07_DURATION_GATE,,newly accepted,NEW_SILVER_FAIL_OR_FLAGGED,false
c=ddf22c69f046,FAIL,true,true,false,true,03_START_GATE,,newly accepted,NEW_SILVER_FAIL_OR_FLAGGED,false
c=9d692dad74ab,FAIL,true,false,false,true,04_ENDING_COMPLETE,,newly accepted,NEW_SILVER_FAIL_OR_FLAGGED,false
c=7e58f435b77b,FAIL,true,true,false,true,05_ENDING_CONFIDENCE,,newly accepted,NEW_SILVER_FAIL_OR_FLAGGED,false
c=824c082a3d90,FAIL,true,true,false,true,05_ENDING_CONFIDENCE,,newly accepted,NEW_SILVER_FAIL_OR_FLAGGED,false
c=1e6db7684cf5,FAIL,true,true,false,true,05_ENDING_CONFIDENCE,,newly accepted,NEW_SILVER_FAIL_OR_FLAGGED,false
c=c4e9f380fafc,FAIL,true,true,false,true,03_START_GATE,,newly accepted,NEW_SILVER_FAIL_OR_FLAGGED,false
c=7b65adabb593,FAIL,true,true,false,true,07_DURATION_GATE,,newly accepted,NEW_SILVER_FAIL_OR_FLAGGED,false
c=f5ee0b594e06,FAIL,true,false,false,true,05_ENDING_CONFIDENCE,,newly accepted,NEW_SILVER_FAIL_OR_FLAGGED,false
c=8a8c6c159418,FAIL,true,true,false,true,05_ENDING_CONFIDENCE,,newly accepted,NEW_SILVER_FAIL_OR_FLAGGED,false
c=77c85268ffbb,FAIL,true,true,false,true,03_START_GATE,,newly accepted,NEW_SILVER_FAIL_OR_FLAGGED,false
c=e5ff40b38939,FAIL,false,false,false,true,04_ENDING_COMPLETE,,newly accepted,CLEAN,true
c=ff96a912a96b,FAIL,true,true,false,true,05_ENDING_CONFIDENCE,,newly accepted,NEW_SILVER_FAIL_OR_FLAGGED,false
c=a7e7e1cca9e3,FAIL,true,true,false,true,03_START_GATE,,newly accepted,NEW_SILVER_FAIL_OR_FLAGGED,false
c=08d9c6038256,FAIL,true,true,false,true,05_ENDING_CONFIDENCE,,newly accepted,NEW_SILVER_FAIL_OR_FLAGGED,false
c=2db100c4d3fc,FAIL,true,true,false,true,05_ENDING_CONFIDENCE,,newly accepted,NEW_SILVER_FAIL_OR_FLAGGED,false
c=e93ed61d0b77,FAIL,true,true,false,true,05_ENDING_CONFIDENCE,,newly accepted,NEW_SILVER_FAIL_OR_FLAGGED,false
c=4c3bdbf3cc27,FAIL,true,true,false,true,05_ENDING_CONFIDENCE,,newly accepted,NEW_SILVER_FAIL_OR_FLAGGED,false
c=eb368cc6e1d1,FAIL,true,true,false,true,03_START_GATE,,newly accepted,NEW_SILVER_FAIL_OR_FLAGGED,false
c=db9c366a36ba,FAIL,false,true,false,true,05_ENDING_CONFIDENCE,,newly accepted,NEW_SILVER_FAIL_OR_FLAGGED,false
c=b8377085968f,FAIL,true,false,false,true,03_START_GATE,,newly accepted,NEW_SILVER_FAIL_OR_FLAGGED,false
c=1e698710416e,FAIL,false,true,false,true,05_ENDING_CONFIDENCE,,newly accepted,NEW_SILVER_FAIL_OR_FLAGGED,false
c=f06f944ce9d1,FAIL,false,false,false,true,05_ENDING_CONFIDENCE,,newly accepted,CLEAN,true
c=6b19130cbab5,FAIL,true,false,false,true,05_ENDING_CONFIDENCE,,newly accepted,NEW_SILVER_FAIL_OR_FLAGGED,false
c=37b93f6222b1,FAIL,false,false,false,true,03_START_GATE,,newly accepted,CLEAN,true
c=981bbdb2e679,FAIL,true,true,false,true,04_ENDING_COMPLETE,,newly accepted,NEW_SILVER_FAIL_OR_FLAGGED,false
c=3ce81ef16088,FAIL,true,true,false,true,05_ENDING_CONFIDENCE,,newly accepted,NEW_SILVER_FAIL_OR_FLAGGED,false
c=0e66be36eaed,FAIL,true,true,false,true,05_ENDING_CONFIDENCE,,newly accepted,NEW_SILVER_FAIL_OR_FLAGGED,false
c=fd43a360f9ca,FAIL,true,true,false,true,05_ENDING_CONFIDENCE,,newly accepted,NEW_SILVER_FAIL_OR_FLAGGED,false
c=db382577df0a,FAIL,true,true,false,true,05_ENDING_CONFIDENCE,,newly accepted,NEW_SILVER_FAIL_OR_FLAGGED,false
c=71c9ad54af71,FAIL,true,true,false,true,05_ENDING_CONFIDENCE,,newly accepted,NEW_SILVER_FAIL_OR_FLAGGED,false
c=973630f05211,FAIL,true,false,false,true,05_ENDING_CONFIDENCE,,newly accepted,NEW_SILVER_FAIL_OR_FLAGGED,false
c=f389b51fbb63,FAIL,true,false,false,true,05_ENDING_CONFIDENCE,,newly accepted,NEW_SILVER_FAIL_OR_FLAGGED,false
c=ea5a4f3ca781,FAIL,true,true,false,true,05_ENDING_CONFIDENCE,,newly accepted,NEW_SILVER_FAIL_OR_FLAGGED,false
c=2dbb6d71a5b8,FAIL,true,true,false,true,05_ENDING_CONFIDENCE,,newly accepted,NEW_SILVER_FAIL_OR_FLAGGED,false
c=80d0ff2654a4,FAIL,true,true,false,true,07_DURATION_GATE,,newly accepted,NEW_SILVER_FAIL_OR_FLAGGED,false
c=0add66c94274,FAIL,true,true,false,true,05_ENDING_CONFIDENCE,,newly accepted,NEW_SILVER_FAIL_OR_FLAGGED,false
c=f22fba8fcc22,FAIL,false,false,false,true,03_START_GATE,,newly accepted,CLEAN,true
c=7a99811e6633,FAIL,false,true,false,true,05_ENDING_CONFIDENCE,,newly accepted,NEW_SILVER_FAIL_OR_FLAGGED,false
c=8541af1b8ff1,FAIL,false,true,false,true,03_START_GATE,,newly accepted,NEW_SILVER_FAIL_OR_FLAGGED,false
c=76b32fe81087,FAIL,true,true,false,true,05_ENDING_CONFIDENCE,,newly accepted,NEW_SILVER_FAIL_OR_FLAGGED,false
c=8a513a1e9c2e,FAIL,true,true,false,true,04_ENDING_COMPLETE,,newly accepted,NEW_SILVER_FAIL_OR_FLAGGED,false
c=c8cd731b1924,FAIL,true,true,false,true,05_ENDING_CONFIDENCE,,newly accepted,NEW_SILVER_FAIL_OR_FLAGGED,false
c=42d635384958,FAIL,true,true,false,true,05_ENDING_CONFIDENCE,,newly accepted,NEW_SILVER_FAIL_OR_FLAGGED,false
c=dd50b24fdd19,FAIL,false,false,false,true,05_ENDING_CONFIDENCE,,newly accepted,CLEAN,true
c=6d69e26a54d4,FAIL,true,true,false,true,05_ENDING_CONFIDENCE,,newly accepted,NEW_SILVER_FAIL_OR_FLAGGED,false
c=8aced23b4e66,FAIL,true,true,false,true,05_ENDING_CONFIDENCE,,newly accepted,NEW_SILVER_FAIL_OR_FLAGGED,false
c=f932f2803187,FAIL,true,true,false,true,05_ENDING_CONFIDENCE,,newly accepted,NEW_SILVER_FAIL_OR_FLAGGED,false
c=581afd9b9b12,FAIL,false,false,false,true,07_DURATION_GATE,,newly accepted,CLEAN,true
c=e932e163453e,FAIL,false,false,false,true,03_START_GATE,,newly accepted,CLEAN,true
c=349087ed8bfb,FAIL,false,false,false,true,05_ENDING_CONFIDENCE,,newly accepted,CLEAN,true
c=10fceb802d7e,FAIL,true,false,false,true,05_ENDING_CONFIDENCE,,newly accepted,NEW_SILVER_FAIL_OR_FLAGGED,false
c=bf3aa3783b18,FAIL,true,true,false,true,04_ENDING_COMPLETE,,newly accepted,NEW_SILVER_FAIL_OR_FLAGGED,false
c=75fa40ae77e0,FAIL,false,false,false,true,05_ENDING_CONFIDENCE,,newly accepted,CLEAN,true
c=27ad4c267974,FAIL,false,false,false,true,07_DURATION_GATE,,newly accepted,CLEAN,true
c=74db4bef1717,FAIL,true,true,false,true,05_ENDING_CONFIDENCE,,newly accepted,NEW_SILVER_FAIL_OR_FLAGGED,false
c=9a007779a702,FAIL,true,false,false,true,05_ENDING_CONFIDENCE,,newly accepted,NEW_SILVER_FAIL_OR_FLAGGED,false
c=910cc4345aef,FAIL,true,true,false,true,07_DURATION_GATE,,newly accepted,NEW_SILVER_FAIL_OR_FLAGGED,false
c=295979ebdb26,FAIL,true,false,false,true,05_ENDING_CONFIDENCE,,newly accepted,NEW_SILVER_FAIL_OR_FLAGGED,false
c=64361bf4b27e,FAIL,true,true,false,true,03_START_GATE,,newly accepted,NEW_SILVER_FAIL_OR_FLAGGED,false
c=3c4424551805,FAIL,true,false,false,true,05_ENDING_CONFIDENCE,,newly accepted,NEW_SILVER_FAIL_OR_FLAGGED,false
c=1eaba615b4a5,FAIL,true,false,false,true,05_ENDING_CONFIDENCE,,newly accepted,NEW_SILVER_FAIL_OR_FLAGGED,false
c=424bf001b74d,FAIL,true,true,false,true,04_ENDING_COMPLETE,,newly accepted,NEW_SILVER_FAIL_OR_FLAGGED,false
c=e5b10b9b261e,FAIL,false,false,false,true,05_ENDING_CONFIDENCE,,newly accepted,CLEAN,true
c=64683ab0d92e,FAIL,true,true,false,true,05_ENDING_CONFIDENCE,,newly accepted,NEW_SILVER_FAIL_OR_FLAGGED,false
c=3b8a75600874,FAIL,true,true,false,true,04_ENDING_COMPLETE,,newly accepted,NEW_SILVER_FAIL_OR_FLAGGED,false
c=e55fa678dc8b,FAIL,true,true,false,true,04_ENDING_COMPLETE,,newly accepted,NEW_SILVER_FAIL_OR_FLAGGED,false
c=5a3dd2e0129b,FAIL,true,true,false,true,04_ENDING_COMPLETE,,newly accepted,NEW_SILVER_FAIL_OR_FLAGGED,false
c=cd9e9e1d6552,FAIL,true,true,false,true,04_ENDING_COMPLETE,,newly accepted,NEW_SILVER_FAIL_OR_FLAGGED,false
c=67d812a788aa,PASS,false,false,false,true,04_ENDING_COMPLETE,,newly accepted,CLEAN,true
c=462a889a5137,FAIL,false,false,false,true,07_DURATION_GATE,,newly accepted,CLEAN,true
c=eec2dcd2190e,PASS,false,false,false,true,05_ENDING_CONFIDENCE,,newly accepted,CLEAN,true
c=e8b3fe5ed20d,FAIL,true,false,false,true,03_START_GATE,,newly accepted,NEW_SILVER_FAIL_OR_FLAGGED,false
c=53cad791d9b6,FAIL,true,false,false,true,05_ENDING_CONFIDENCE,,newly accepted,NEW_SILVER_FAIL_OR_FLAGGED,false
c=38b3ff060d19,FAIL,true,false,false,true,05_ENDING_CONFIDENCE,,newly accepted,NEW_SILVER_FAIL_OR_FLAGGED,false
c=0ef2270deef0,FAIL,true,true,false,true,04_ENDING_COMPLETE,,newly accepted,NEW_SILVER_FAIL_OR_FLAGGED,false
c=09b4cdf9d432,FAIL,true,true,false,true,05_ENDING_CONFIDENCE,,newly accepted,NEW_SILVER_FAIL_OR_FLAGGED,false
c=3a5bb006e3f4,FAIL,true,true,false,true,05_ENDING_CONFIDENCE,,newly accepted,NEW_SILVER_FAIL_OR_FLAGGED,false
c=da12fead9624,FAIL,true,true,false,true,05_ENDING_CONFIDENCE,,newly accepted,NEW_SILVER_FAIL_OR_FLAGGED,false
c=ab244e1f7fb9,FAIL,false,false,false,true,07_DURATION_GATE,,newly accepted,CLEAN,true
c=8fb5d1aacb96,FAIL,true,true,false,true,05_ENDING_CONFIDENCE,,newly accepted,NEW_SILVER_FAIL_OR_FLAGGED,false
c=c800e4d5a1ea,FAIL,true,true,false,true,05_ENDING_CONFIDENCE,,newly accepted,NEW_SILVER_FAIL_OR_FLAGGED,false
