candidate_id,episode_id,split,rough_start_sec,rough_end_sec,final_start_sec,final_end_sec,generator_version,transcript_hash
c=a7a306c4bd0a,I6wCuvvaRPI,legacy,47.92,96.32,,,v12-lineage,1beaaa7e1e4fb2d73183d2a34baaa6dffd205e7e8069f4cbe1919face3cacb75
c=d365924484e8,I6wCuvvaRPI,legacy,118.16,184.4,,,v12-lineage,1beaaa7e1e4fb2d73183d2a34baaa6dffd205e7e8069f4cbe1919face3cacb75
c=e3b05929187f,I6wCuvvaRPI,legacy,238,303.36,,,v12-lineage,1beaaa7e1e4fb2d73183d2a34baaa6dffd205e7e8069f4cbe1919face3cacb75
c=ce939719d2fd,I6wCuvvaRPI,legacy,398.48,447.28,,,v12-lineage,1beaaa7e1e4fb2d73183d2a34baaa6dffd205e7e8069f4cbe1919face3cacb75
c=93b1dc5b6f8a,I6wCuvvaRPI,legacy,528.48,575.36,,,v12-lineage,1beaaa7e1e4fb2d73183d2a34baaa6dffd205e7e8069f4cbe1919face3cacb75
c=7a1ce6c95344,I6wCuvvaRPI,legacy,573.12,649.84,,,v12-lineage,1beaaa7e1e4fb2d73183d2a34baaa6dffd205e7e8069f4cbe1919face3cacb75
c=403d1296c942,I6wCuvvaRPI,legacy,718.96,784.08,,,v12-lineage,1beaaa7e1e4fb2d73183d2a34baaa6dffd205e7e8069f4cbe1919face3cacb75
c=b753ad6d4b26,I6wCuvvaRPI,legacy,826.96,880.24,,,v12-lineage,1beaaa7e1e4fb2d73183d2a34baaa6dffd205e7e8069f4cbe1919face3cacb75
c=e8c43f9a54d5,I6wCuvvaRPI,legacy,921.92,969.28,,,v12-lineage,1beaaa7e1e4fb2d73183d2a34baaa6dffd205e7e8069f4cbe1919face3cacb75
c=8e31a1c1d024,I6wCuvvaRPI,legacy,1112.16,1167.52,,,v12-lineage,1beaaa7e1e4fb2d73183d2a34baaa6dffd205e7e8069f4cbe1919face3cacb75
c=2e8da3d82d3c,I6wCuvvaRPI,legacy,1253.44,1319.84,,,v12-lineage,1beaaa7e1e4fb2d73183d2a34baaa6dffd205e7e8069f4cbe1919face3cacb75
c=4e296bf93469,I6wCuvvaRPI,legacy,1316.16,1365.36,,,v12-lineage,1beaaa7e1e4fb2d73183d2a34baaa6dffd205e7e8069f4cbe1919face3cacb75
c=88fa00fefcba,I6wCuvvaRPI,legacy,1535.92,1587.28,,,v12-lineage,1beaaa7e1e4fb2d73183d2a34baaa6dffd205e7e8069f4cbe1919face3cacb75
c=0c6b94e30513,I6wCuvvaRPI,legacy,1691.04,1718.72,,,v12-lineage,1beaaa7e1e4fb2d73183d2a34baaa6dffd205e7e8069f4cbe1919face3cacb75
c=e61592727e1a,I6wCuvvaRPI,legacy,1773.12,1818.24,,,v12-lineage,1beaaa7e1e4fb2d73183d2a34baaa6dffd205e7e8069f4cbe1919face3cacb75
c=a75cb8b701a4,I6wCuvvaRPI,legacy,1837.12,1900.24,,,v12-lineage,1beaaa7e1e4fb2d73183d2a34baaa6dffd205e7e8069f4cbe1919face3cacb75
c=76192a8ce81e,I6wCuvvaRPI,legacy,2014.96,2085.12,,,v12-lineage,1beaaa7e1e4fb2d73183d2a34baaa6dffd205e7e8069f4cbe1919face3cacb75
c=96ea8019f1d5,I6wCuvvaRPI,legacy,2128.8,2174,,,v12-lineage,1beaaa7e1e4fb2d73183d2a34baaa6dffd205e7e8069f4cbe1919face3cacb75
c=9e121d6b7221,I6wCuvvaRPI,legacy,2205.44,2250.48,,,v12-lineage,1beaaa7e1e4fb2d73183d2a34baaa6dffd205e7e8069f4cbe1919face3cacb75
c=d178fe0790ad,I6wCuvvaRPI,legacy,2328,2390.16,,,v12-lineage,1beaaa7e1e4fb2d73183d2a34baaa6dffd205e7e8069f4cbe1919face3cacb75
c=e66206ebba35,I6wCuvvaRPI,legacy,2608.32,2633.04,,,v12-lineage,1beaaa7e1e4fb2d73183d2a34baaa6dffd205e7e8069f4cbe1919face3cacb75
c=04ee0256d13f,I6wCuvvaRPI,legacy,3423.52,3452.72,,,v12-lineage,1beaaa7e1e4fb2d73183d2a34baaa6dffd205e7e8069f4cbe1919face3cacb75
c=e330315241e4,I6wCuvvaRPI,legacy,3554.08,3600.88,,,v12-lineage,1beaaa7e1e4fb2d73183d2a34baaa6dffd205e7e8069f4cbe1919face3cacb75
c=ee7c381be8ab,I6wCuvvaRPI,legacy,3664.96,3706.4,,,v12-lineage,1beaaa7e1e4fb2d73183d2a34baaa6dffd205e7e8069f4cbe1919face3cacb75
c=ece1e800fa4f,I6wCuvvaRPI,legacy,3709.6,3765.92,,,v12-lineage,1beaaa7e1e4fb2d73183d2a34baaa6dffd205e7e8069f4cbe1919face3cacb75
c=6b38799aa57a,I6wCuvvaRPI,legacy,3782.56,3825.28,,,v12-lineage,1beaaa7e1e4fb2d73183d2a34baaa6dffd205e7e8069f4cbe1919face3cacb75
c=af040325416f,I6wCuvvaRPI,legacy,3833.76,3875.76,,,v12-lineage,1beaaa7e1e4fb2d73183d2a34baaa6dffd205e7e8069f4cbe1919face3cacb75
c=d221a831ff98,I6wCuvvaRPI,legacy,3984.8,4003.12,,,v12-lineage,1beaaa7e1e4fb2d73183d2a34baaa6dffd205e7e8069f4cbe1919face3cacb75
c=f9a010a766c0,I6wCuvvaRPI,legacy,4062.24,4096.16,,,v12-lineage,1beaaa7e1e4fb2d73183d2a34baaa6dffd205e7e8069f4cbe1919face3cacb75
c=1b9ff32f697c,I6wCuvvaRPI,legacy,4578.08,4609.04,,,v12-lineage,1beaaa7e1e4fb2d73183d2a34baaa6dffd205e7e8069f4cbe1919face3cacb75
c=61af689ce18e,I6wCuvvaRPI,legacy,4751.76,4797.76,,,v12-lineage,1beaaa7e1e4fb2d73183d2a34baaa6dffd205e7e8069f4cbe1919face3cacb75
c=604b0e1e55b3,I6wCuvvaRPI,legacy,4877.6,4924.24,,,v12-lineage,1beaaa7e1e4fb2d73183d2a34baaa6dffd205e7e8069f4cbe1919face3cacb75
c=bfd6914a0bba,I6wCuvvaRPI,legacy,5248.24,5293.12,,,v12-lineage,1beaaa7e1e4fb2d73183d2a34baaa6dffd205e7e8069f4cbe1919face3cacb75
c=e293b5a7b8de,I6wCuvvaRPI,legacy,5364.88,5411.52,,,v12-lineage,1beaaa7e1e4fb2d73183d2a34baaa6dffd205e7e8069f4cbe1919face3cacb75
c=0159d2fa546a,I6wCuvvaRPI,legacy,5439.28,5491.12,,,v12-lineage,1beaaa7e1e4fb2d73183d2a34baaa6dffd205e7e8069f4cbe1919face3cacb75
c=74d78c93d5fa,I6wCuvvaRPI,legacy,5495.76,5546.64,,,v12-lineage,1beaaa7e1e4fb2d73183d2a34baaa6dffd205e7e8069f4cbe1919face3cacb75
c=85137df55867,I6wCuvvaRPI,legacy,5794.32,5877.52,,,v12-lineage,1beaaa7e1e4fb2d73183d2a34baaa6dffd205e7e8069f4cbe1919face3cacb75
c=b558e0c55c77,I6wCuvvaRPI,legacy,5927.76,6011.6,,,v12-lineage,1beaaa7e1e4fb2d73183d2a34baaa6dffd205e7e8069f4cbe1919face3cacb75
c=bf2f10565902,I6wCuvvaRPI,legacy,6016.56,6062.24,,,v12-lineage,1beaaa7e1e4fb2d73183d2a34baaa6dffd205e7e8069f4cbe1919face3cacb75
c=2a736ae0a24d,I6wCuvvaRPI,legacy,6150.16,6191.4,,,v12-lineage,1beaaa7e1e4fb2d73183d2a34baaa6dffd205e7e8069f4cbe1919face3cacb75
c=4ed36065fce2,GOqEl4ADyVk,legacy,204.92,267.56,,,v12-lineage,0b5650af6cbb85caa91327a0aa18c7f8f9e2b2904b2bbb7a9b4a9332f0895392
c=142081bda5dd,GOqEl4ADyVk,legacy,332.64,391.12,,,v12-lineage,0b5650af6cbb85caa91327a0aa18c7f8f9e2b2904b2bbb7a9b4a9332f0895392
c=55e0c0081114,GOqEl4ADyVk,legacy,413.52,481.76,,,v12-lineage,0b5650af6cbb85caa91327a0aa18c7f8f9e2b2904b2bbb7a9b4a9332f0895392
c=c87b619e7633,GOqEl4ADyVk,legacy,695,739.76,,,v12-lineage,0b5650af6cbb85caa91327a0aa18c7f8f9e2b2904b2bbb7a9b4a9332f0895392
c=aff04c395564,GOqEl4ADyVk,legacy,753,806.68,,,v12-lineage,0b5650af6cbb85caa91327a0aa18c7f8f9e2b2904b2bbb7a9b4a9332f0895392
c=814fe10f8eec,GOqEl4ADyVk,legacy,1068.28,1125.68,,,v12-lineage,0b5650af6cbb85caa91327a0aa18c7f8f9e2b2904b2bbb7a9b4a9332f0895392
c=6a8b73599c4a,GOqEl4ADyVk,legacy,1160.32,1213.8,,,v12-lineage,0b5650af6cbb85caa91327a0aa18c7f8f9e2b2904b2bbb7a9b4a9332f0895392
c=c463cf20cb6f,GOqEl4ADyVk,legacy,1212,1279.76,,,v12-lineage,0b5650af6cbb85caa91327a0aa18c7f8f9e2b2904b2bbb7a9b4a9332f0895392
c=863e40f6ff3c,GOqEl4ADyVk,legacy,1297.36,1343.72,,,v12-lineage,0b5650af6cbb85caa91327a0aa18c7f8f9e2b2904b2bbb7a9b4a9332f0895392
c=89f5f2623db5,GOqEl4ADyVk,legacy,1342.12,1389.48,,,v12-lineage,0b5650af6cbb85caa91327a0aa18c7f8f9e2b2904b2bbb7a9b4a9332f0895392
c=60ffcb2236cf,GOqEl4ADyVk,legacy,1474.64,1525.56,,,v12-lineage,0b5650af6cbb85caa91327a0aa18c7f8f9e2b2904b2bbb7a9b4a9332f0895392
c=249972abe948,GOqEl4ADyVk,legacy,1607.88,1674.44,,,v12-lineage,0b5650af6cbb85caa91327a0aa18c7f8f9e2b2904b2bbb7a9b4a9332f0895392
c=9ee1e4c7428c,GOqEl4ADyVk,legacy,1700,1747.52,,,v12-lineage,0b5650af6cbb85caa91327a0aa18c7f8f9e2b2904b2bbb7a9b4a9332f0895392
c=9c6976be5cda,GOqEl4ADyVk,legacy,1814.88,1861.72,,,v12-lineage,0b5650af6cbb85caa91327a0aa18c7f8f9e2b2904b2bbb7a9b4a9332f0895392
c=cf73aca0269d,GOqEl4ADyVk,legacy,1913.2,1959.12,,,v12-lineage,0b5650af6cbb85caa91327a0aa18c7f8f9e2b2904b2bbb7a9b4a9332f0895392
c=25019c795a66,GOqEl4ADyVk,legacy,2070.72,2115,,,v12-lineage,0b5650af6cbb85caa91327a0aa18c7f8f9e2b2904b2bbb7a9b4a9332f0895392
c=937ad36c16ad,GOqEl4ADyVk,legacy,2145.64,2192.8,,,v12-lineage,0b5650af6cbb85caa91327a0aa18c7f8f9e2b2904b2bbb7a9b4a9332f0895392
c=c578805cc019,GOqEl4ADyVk,legacy,2243.32,2314.12,,,v12-lineage,0b5650af6cbb85caa91327a0aa18c7f8f9e2b2904b2bbb7a9b4a9332f0895392
c=f036b224755b,GOqEl4ADyVk,legacy,2448.4,2501.68,,,v12-lineage,0b5650af6cbb85caa91327a0aa18c7f8f9e2b2904b2bbb7a9b4a9332f0895392
c=858a8a6ecf9e,GOqEl4ADyVk,legacy,2533.4,2580.8,,,v12-lineage,0b5650af6cbb85caa91327a0aa18c7f8f9e2b2904b2bbb7a9b4a9332f0895392
c=04cb286eea2a,GOqEl4ADyVk,legacy,2587.72,2637.24,,,v12-lineage,0b5650af6cbb85caa91327a0aa18c7f8f9e2b2904b2bbb7a9b4a9332f0895392
c=accb7b3fcd00,GOqEl4ADyVk,legacy,2914.64,2965.6,,,v12-lineage,0b5650af6cbb85caa91327a0aa18c7f8f9e2b2904b2bbb7a9b4a9332f0895392
c=cb7c24e086da,GOqEl4ADyVk,legacy,2963.48,3042.16,,,v12-lineage,0b5650af6cbb85caa91327a0aa18c7f8f9e2b2904b2bbb7a9b4a9332f0895392
c=20397136965a,GOqEl4ADyVk,legacy,3241.8,3302.92,,,v12-lineage,0b5650af6cbb85caa91327a0aa18c7f8f9e2b2904b2bbb7a9b4a9332f0895392
c=f4f0d296e652,GOqEl4ADyVk,legacy,3829.24,3873.36,,,v12-lineage,0b5650af6cbb85caa91327a0aa18c7f8f9e2b2904b2bbb7a9b4a9332f0895392
c=3de6906bccbc,GOqEl4ADyVk,legacy,3871.52,3953.12,,,v12-lineage,0b5650af6cbb85caa91327a0aa18c7f8f9e2b2904b2bbb7a9b4a9332f0895392
c=821d405b9509,GOqEl4ADyVk,legacy,4027.8,4077.56,,,v12-lineage,0b5650af6cbb85caa91327a0aa18c7f8f9e2b2904b2bbb7a9b4a9332f0895392
c=485597b1210b,GOqEl4ADyVk,legacy,4373.88,4422.6,,,v12-lineage,0b5650af6cbb85caa91327a0aa18c7f8f9e2b2904b2bbb7a9b4a9332f0895392
c=9d26b621a34f,GOqEl4ADyVk,legacy,4420.2,4498.04,,,v12-lineage,0b5650af6cbb85caa91327a0aa18c7f8f9e2b2904b2bbb7a9b4a9332f0895392
c=538936b2e616,GOqEl4ADyVk,legacy,4540.64,4604.64,,,v12-lineage,0b5650af6cbb85caa91327a0aa18c7f8f9e2b2904b2bbb7a9b4a9332f0895392
c=76610baaa229,GOqEl4ADyVk,legacy,4804.4,4848.32,,,v12-lineage,0b5650af6cbb85caa91327a0aa18c7f8f9e2b2904b2bbb7a9b4a9332f0895392
c=3dc8dcadbf82,GOqEl4ADyVk,legacy,4914.24,4968.08,,,v12-lineage,0b5650af6cbb85caa91327a0aa18c7f8f9e2b2904b2bbb7a9b4a9332f0895392
c=4581b681c518,GOqEl4ADyVk,legacy,4979.48,5034.4,,,v12-lineage,0b5650af6cbb85caa91327a0aa18c7f8f9e2b2904b2bbb7a9b4a9332f0895392
c=48144e00ee76,GOqEl4ADyVk,legacy,5215.12,5274.88,,,v12-lineage,0b5650af6cbb85caa91327a0aa18c7f8f9e2b2904b2bbb7a9b4a9332f0895392
c=fbd1bc763d4a,GOqEl4ADyVk,legacy,5422.2,5471.4,,,v12-lineage,0b5650af6cbb85caa91327a0aa18c7f8f9e2b2904b2bbb7a9b4a9332f0895392
c=503330aaac70,GOqEl4ADyVk,legacy,5730,5793.6,,,v12-lineage,0b5650af6cbb85caa91327a0aa18c7f8f9e2b2904b2bbb7a9b4a9332f0895392
c=e9d59309dde8,GOqEl4ADyVk,legacy,5963.84,6024,,,v12-lineage,0b5650af6cbb85caa91327a0aa18c7f8f9e2b2904b2bbb7a9b4a9332f0895392
c=9e2f4ad5335b,GOqEl4ADyVk,legacy,6171.48,6215.56,,,v12-lineage,0b5650af6cbb85caa91327a0aa18c7f8f9e2b2904b2bbb7a9b4a9332f0895392
c=fb53d482602c,GOqEl4ADyVk,legacy,6220.2,6292.2,,,v12-lineage,0b5650af6cbb85caa91327a0aa18c7f8f9e2b2904b2bbb7a9b4a9332f0895392
c=fc04f4dddf56,GOqEl4ADyVk,legacy,6308.92,6363.12,,,v12-lineage,0b5650af6cbb85caa91327a0aa18c7f8f9e2b2904b2bbb7a9b4a9332f0895392
c=74f265367eae,2HLGcRpw1hc,legacy,11.44,72.08,,,v12-lineage,e22dc273b9bbc0a1d11728de5aecad8ef650304900456f7d8a5a5d1b2a59776e
c=28f669e06042,2HLGcRpw1hc,legacy,84.56,139.52,,,v12-lineage,e22dc273b9bbc0a1d11728de5aecad8ef650304900456f7d8a5a5d1b2a59776e
c=307b36cbd455,2HLGcRpw1hc,legacy,229.92,275.52,,,v12-lineage,e22dc273b9bbc0a1d11728de5aecad8ef650304900456f7d8a5a5d1b2a59776e
c=9291e73da4b7,2HLGcRpw1hc,legacy,288.24,308.32,,,v12-lineage,e22dc273b9bbc0a1d11728de5aecad8ef650304900456f7d8a5a5d1b2a59776e
c=b15dabd9174b,2HLGcRpw1hc,legacy,339.29,383.36,,,v12-lineage,e22dc273b9bbc0a1d11728de5aecad8ef650304900456f7d8a5a5d1b2a59776e
c=444cbf2983a5,2HLGcRpw1hc,legacy,394.24,451.68,,,v12-lineage,e22dc273b9bbc0a1d11728de5aecad8ef650304900456f7d8a5a5d1b2a59776e
c=8fb87e3eee31,2HLGcRpw1hc,legacy,512.16,561.12,,,v12-lineage,e22dc273b9bbc0a1d11728de5aecad8ef650304900456f7d8a5a5d1b2a59776e
c=24d31329eab4,2HLGcRpw1hc,legacy,594.64,612.56,,,v12-lineage,e22dc273b9bbc0a1d11728de5aecad8ef650304900456f7d8a5a5d1b2a59776e
c=1ee78f21623a,2HLGcRpw1hc,legacy,802.88,823.2,,,v12-lineage,e22dc273b9bbc0a1d11728de5aecad8ef650304900456f7d8a5a5d1b2a59776e
c=9b246945fe8a,2HLGcRpw1hc,legacy,980.72,1026.32,,,v12-lineage,e22dc273b9bbc0a1d11728de5aecad8ef650304900456f7d8a5a5d1b2a59776e
c=94c1d6f70ec3,2HLGcRpw1hc,legacy,1129.76,1173.36,,,v12-lineage,e22dc273b9bbc0a1d11728de5aecad8ef650304900456f7d8a5a5d1b2a59776e
c=a71f49296e03,2HLGcRpw1hc,legacy,1237.28,1268.64,,,v12-lineage,e22dc273b9bbc0a1d11728de5aecad8ef650304900456f7d8a5a5d1b2a59776e
c=4ac046c40e8b,2HLGcRpw1hc,legacy,1279.44,1320.32,,,v12-lineage,e22dc273b9bbc0a1d11728de5aecad8ef650304900456f7d8a5a5d1b2a59776e
c=e7e3a7f65253,2HLGcRpw1hc,legacy,1375.04,1426.64,,,v12-lineage,e22dc273b9bbc0a1d11728de5aecad8ef650304900456f7d8a5a5d1b2a59776e
c=325250eefc6d,2HLGcRpw1hc,legacy,1646.72,1734.96,,,v12-lineage,e22dc273b9bbc0a1d11728de5aecad8ef650304900456f7d8a5a5d1b2a59776e
c=bb6c25c3cc97,2HLGcRpw1hc,legacy,1734.48,1764.08,,,v12-lineage,e22dc273b9bbc0a1d11728de5aecad8ef650304900456f7d8a5a5d1b2a59776e
c=714e622ee615,2HLGcRpw1hc,legacy,1761.04,1827.52,,,v12-lineage,e22dc273b9bbc0a1d11728de5aecad8ef650304900456f7d8a5a5d1b2a59776e
c=09f3d0ec2e77,2HLGcRpw1hc,legacy,1850.8,1868.56,,,v12-lineage,e22dc273b9bbc0a1d11728de5aecad8ef650304900456f7d8a5a5d1b2a59776e
c=ff1425ba1aab,2HLGcRpw1hc,legacy,1947.12,1974.8,,,v12-lineage,e22dc273b9bbc0a1d11728de5aecad8ef650304900456f7d8a5a5d1b2a59776e
c=7170e0ea5e66,2HLGcRpw1hc,legacy,2013.76,2065.92,,,v12-lineage,e22dc273b9bbc0a1d11728de5aecad8ef650304900456f7d8a5a5d1b2a59776e
c=7d4430531900,2HLGcRpw1hc,legacy,2085.84,2116.4,,,v12-lineage,e22dc273b9bbc0a1d11728de5aecad8ef650304900456f7d8a5a5d1b2a59776e
c=d5a8d94c2768,2HLGcRpw1hc,legacy,2241.44,2286.4,,,v12-lineage,e22dc273b9bbc0a1d11728de5aecad8ef650304900456f7d8a5a5d1b2a59776e
c=63588cb5a4d5,2HLGcRpw1hc,legacy,2308.16,2365.12,,,v12-lineage,e22dc273b9bbc0a1d11728de5aecad8ef650304900456f7d8a5a5d1b2a59776e
c=9a9beca1058c,2HLGcRpw1hc,legacy,2442.56,2481.84,,,v12-lineage,e22dc273b9bbc0a1d11728de5aecad8ef650304900456f7d8a5a5d1b2a59776e
c=691da259af02,2HLGcRpw1hc,legacy,2593.68,2677.92,,,v12-lineage,e22dc273b9bbc0a1d11728de5aecad8ef650304900456f7d8a5a5d1b2a59776e
c=873094e659a8,2HLGcRpw1hc,legacy,2674.88,2721.04,,,v12-lineage,e22dc273b9bbc0a1d11728de5aecad8ef650304900456f7d8a5a5d1b2a59776e
c=ad82ae1cf740,2HLGcRpw1hc,legacy,2778.72,2833.36,,,v12-lineage,e22dc273b9bbc0a1d11728de5aecad8ef650304900456f7d8a5a5d1b2a59776e
c=4e72a74a4aef,2HLGcRpw1hc,legacy,2831.36,2880.96,,,v12-lineage,e22dc273b9bbc0a1d11728de5aecad8ef650304900456f7d8a5a5d1b2a59776e
c=7f0b9ecd2722,2HLGcRpw1hc,legacy,3028,3056.32,,,v12-lineage,e22dc273b9bbc0a1d11728de5aecad8ef650304900456f7d8a5a5d1b2a59776e
c=4b4140b215e1,2HLGcRpw1hc,legacy,3153.92,3208.48,,,v12-lineage,e22dc273b9bbc0a1d11728de5aecad8ef650304900456f7d8a5a5d1b2a59776e
c=7fef935268ac,2HLGcRpw1hc,legacy,3252.48,3287.92,,,v12-lineage,e22dc273b9bbc0a1d11728de5aecad8ef650304900456f7d8a5a5d1b2a59776e
c=4802ebe604ca,2HLGcRpw1hc,legacy,3492.48,3541.84,,,v12-lineage,e22dc273b9bbc0a1d11728de5aecad8ef650304900456f7d8a5a5d1b2a59776e
c=6e2a670a1e2b,2HLGcRpw1hc,legacy,3536.48,3578.64,,,v12-lineage,e22dc273b9bbc0a1d11728de5aecad8ef650304900456f7d8a5a5d1b2a59776e
c=1d3f657a5854,2HLGcRpw1hc,legacy,3580.64,3604.96,,,v12-lineage,e22dc273b9bbc0a1d11728de5aecad8ef650304900456f7d8a5a5d1b2a59776e
c=602b1b06cc12,2HLGcRpw1hc,legacy,3681.2,3719.36,,,v12-lineage,e22dc273b9bbc0a1d11728de5aecad8ef650304900456f7d8a5a5d1b2a59776e
c=0ddb01423bed,2HLGcRpw1hc,legacy,3858,3920.4,,,v12-lineage,e22dc273b9bbc0a1d11728de5aecad8ef650304900456f7d8a5a5d1b2a59776e
c=91a937486ae3,UZ1kCEGjYX0,legacy,30.72,50.64,,,v12-lineage,de7a54bcbb36dc92f9a72110cbb0ea495e5d8050bc03ec8a917185110070d388
c=211771226651,UZ1kCEGjYX0,legacy,75.12,143.44,,,v12-lineage,de7a54bcbb36dc92f9a72110cbb0ea495e5d8050bc03ec8a917185110070d388
c=407d4ce69d2c,UZ1kCEGjYX0,legacy,191.52,235.36,,,v12-lineage,de7a54bcbb36dc92f9a72110cbb0ea495e5d8050bc03ec8a917185110070d388
c=6aa93bf835b8,UZ1kCEGjYX0,legacy,233.68,276.8,,,v12-lineage,de7a54bcbb36dc92f9a72110cbb0ea495e5d8050bc03ec8a917185110070d388
c=e4ed462ee2d0,UZ1kCEGjYX0,legacy,292.72,334.56,,,v12-lineage,de7a54bcbb36dc92f9a72110cbb0ea495e5d8050bc03ec8a917185110070d388
c=e9ca5e935dbc,UZ1kCEGjYX0,legacy,332.32,358.48,,,v12-lineage,de7a54bcbb36dc92f9a72110cbb0ea495e5d8050bc03ec8a917185110070d388
c=b0a36c1aa6f7,UZ1kCEGjYX0,legacy,364.88,412.64,,,v12-lineage,de7a54bcbb36dc92f9a72110cbb0ea495e5d8050bc03ec8a917185110070d388
c=62ab2e18cd84,UZ1kCEGjYX0,legacy,481.28,529.76,,,v12-lineage,de7a54bcbb36dc92f9a72110cbb0ea495e5d8050bc03ec8a917185110070d388
c=686eb3873232,UZ1kCEGjYX0,legacy,553.36,593.4,,,v12-lineage,de7a54bcbb36dc92f9a72110cbb0ea495e5d8050bc03ec8a917185110070d388
c=8c340cb61a7d,UZ1kCEGjYX0,legacy,686.88,754.8,,,v12-lineage,de7a54bcbb36dc92f9a72110cbb0ea495e5d8050bc03ec8a917185110070d388
c=19e3a9aca16c,UZ1kCEGjYX0,legacy,882.32,941.84,,,v12-lineage,de7a54bcbb36dc92f9a72110cbb0ea495e5d8050bc03ec8a917185110070d388
c=8583317c867a,UZ1kCEGjYX0,legacy,945.04,1030.64,,,v12-lineage,de7a54bcbb36dc92f9a72110cbb0ea495e5d8050bc03ec8a917185110070d388
c=339c47686d73,UZ1kCEGjYX0,legacy,1044.48,1112.32,,,v12-lineage,de7a54bcbb36dc92f9a72110cbb0ea495e5d8050bc03ec8a917185110070d388
c=0f341df5a7fd,UZ1kCEGjYX0,legacy,1193.84,1245.2,,,v12-lineage,de7a54bcbb36dc92f9a72110cbb0ea495e5d8050bc03ec8a917185110070d388
c=1ffaaadc2d40,UZ1kCEGjYX0,legacy,1273.36,1294.56,,,v12-lineage,de7a54bcbb36dc92f9a72110cbb0ea495e5d8050bc03ec8a917185110070d388
c=df3e918b0403,UZ1kCEGjYX0,legacy,1424.64,1471.2,,,v12-lineage,de7a54bcbb36dc92f9a72110cbb0ea495e5d8050bc03ec8a917185110070d388
c=88767cded5c8,UZ1kCEGjYX0,legacy,1510.8,1570.32,,,v12-lineage,de7a54bcbb36dc92f9a72110cbb0ea495e5d8050bc03ec8a917185110070d388
c=80e68aabcf35,UZ1kCEGjYX0,legacy,1569.84,1594.64,,,v12-lineage,de7a54bcbb36dc92f9a72110cbb0ea495e5d8050bc03ec8a917185110070d388
c=193cd026d77d,UZ1kCEGjYX0,legacy,1692,1724.88,,,v12-lineage,de7a54bcbb36dc92f9a72110cbb0ea495e5d8050bc03ec8a917185110070d388
c=ee8850485cce,UZ1kCEGjYX0,legacy,1737.36,1752.8,,,v12-lineage,de7a54bcbb36dc92f9a72110cbb0ea495e5d8050bc03ec8a917185110070d388
c=0cc4b9bf6295,UZ1kCEGjYX0,legacy,1796.48,1841.28,,,v12-lineage,de7a54bcbb36dc92f9a72110cbb0ea495e5d8050bc03ec8a917185110070d388
c=f33c9ba2ceab,UZ1kCEGjYX0,legacy,1909.04,1937.12,,,v12-lineage,de7a54bcbb36dc92f9a72110cbb0ea495e5d8050bc03ec8a917185110070d388
c=6e2330173a98,UZ1kCEGjYX0,legacy,2018.32,2038.8,,,v12-lineage,de7a54bcbb36dc92f9a72110cbb0ea495e5d8050bc03ec8a917185110070d388
c=b61f744789d9,UZ1kCEGjYX0,legacy,2230.08,2271.28,,,v12-lineage,de7a54bcbb36dc92f9a72110cbb0ea495e5d8050bc03ec8a917185110070d388
c=e996af8e7116,UZ1kCEGjYX0,legacy,2298.72,2338.4,,,v12-lineage,de7a54bcbb36dc92f9a72110cbb0ea495e5d8050bc03ec8a917185110070d388
c=ef1b8926843f,UZ1kCEGjYX0,legacy,2334.56,2413.12,,,v12-lineage,de7a54bcbb36dc92f9a72110cbb0ea495e5d8050bc03ec8a917185110070d388
c=2fae9d6556ea,UZ1kCEGjYX0,legacy,2411.84,2465.76,,,v12-lineage,de7a54bcbb36dc92f9a72110cbb0ea495e5d8050bc03ec8a917185110070d388
c=17966edf9841,UZ1kCEGjYX0,legacy,2545.84,2594.08,,,v12-lineage,de7a54bcbb36dc92f9a72110cbb0ea495e5d8050bc03ec8a917185110070d388
c=9a772ef2b3ca,UZ1kCEGjYX0,legacy,2703.52,2739.76,,,v12-lineage,de7a54bcbb36dc92f9a72110cbb0ea495e5d8050bc03ec8a917185110070d388
c=97bb57f1134d,UZ1kCEGjYX0,legacy,2737.36,2781.92,,,v12-lineage,de7a54bcbb36dc92f9a72110cbb0ea495e5d8050bc03ec8a917185110070d388
c=1d647afd843c,UZ1kCEGjYX0,legacy,2871.92,2913.36,,,v12-lineage,de7a54bcbb36dc92f9a72110cbb0ea495e5d8050bc03ec8a917185110070d388
c=8293a0950af8,UZ1kCEGjYX0,legacy,2942.16,2960.4,,,v12-lineage,de7a54bcbb36dc92f9a72110cbb0ea495e5d8050bc03ec8a917185110070d388
c=118e79831011,UZ1kCEGjYX0,legacy,2977.52,3030.4,,,v12-lineage,de7a54bcbb36dc92f9a72110cbb0ea495e5d8050bc03ec8a917185110070d388
c=4298428c2062,UZ1kCEGjYX0,legacy,3204.88,3248.32,,,v12-lineage,de7a54bcbb36dc92f9a72110cbb0ea495e5d8050bc03ec8a917185110070d388
c=934df5c89124,UZ1kCEGjYX0,legacy,3266.64,3284.88,,,v12-lineage,de7a54bcbb36dc92f9a72110cbb0ea495e5d8050bc03ec8a917185110070d388
c=db867b4124ae,UZ1kCEGjYX0,legacy,3310.24,3362.88,,,v12-lineage,de7a54bcbb36dc92f9a72110cbb0ea495e5d8050bc03ec8a917185110070d388
c=59d1a5729434,UZ1kCEGjYX0,legacy,3360.88,3434.16,,,v12-lineage,de7a54bcbb36dc92f9a72110cbb0ea495e5d8050bc03ec8a917185110070d388
c=abf3ba28a4a0,UZ1kCEGjYX0,legacy,3536.64,3587.36,,,v12-lineage,de7a54bcbb36dc92f9a72110cbb0ea495e5d8050bc03ec8a917185110070d388
c=d1aa8efdcce1,UZ1kCEGjYX0,legacy,3653.12,3686.72,,,v12-lineage,de7a54bcbb36dc92f9a72110cbb0ea495e5d8050bc03ec8a917185110070d388
c=420db388eb4b,Hb2rKGfIOrM,legacy,1.52,17.52,,,v12-lineage,e0d1fca6e16df154b6e559e1e13d66d9ebd815c305fd1acbc282e598f8e12b25
c=641d9229f4e8,Hb2rKGfIOrM,legacy,94.96,144.64,,,v12-lineage,e0d1fca6e16df154b6e559e1e13d66d9ebd815c305fd1acbc282e598f8e12b25
c=a3109cc0afc5,Hb2rKGfIOrM,legacy,312.64,342.4,,,v12-lineage,e0d1fca6e16df154b6e559e1e13d66d9ebd815c305fd1acbc282e598f8e12b25
c=0331d2e45170,Hb2rKGfIOrM,legacy,584.08,605.44,,,v12-lineage,e0d1fca6e16df154b6e559e1e13d66d9ebd815c305fd1acbc282e598f8e12b25
c=d1eafe8fd471,Hb2rKGfIOrM,legacy,1500,1551.6,,,v12-lineage,e0d1fca6e16df154b6e559e1e13d66d9ebd815c305fd1acbc282e598f8e12b25
c=7ab5199bccef,Hb2rKGfIOrM,legacy,1970.72,1995.48,,,v12-lineage,e0d1fca6e16df154b6e559e1e13d66d9ebd815c305fd1acbc282e598f8e12b25
c=96135d88b859,Hb2rKGfIOrM,legacy,2772.88,2822.72,,,v12-lineage,e0d1fca6e16df154b6e559e1e13d66d9ebd815c305fd1acbc282e598f8e12b25
c=661957b07cac,Hb2rKGfIOrM,legacy,2870.56,2891.96,,,v12-lineage,e0d1fca6e16df154b6e559e1e13d66d9ebd815c305fd1acbc282e598f8e12b25
c=4a5abdaf18ee,Hb2rKGfIOrM,legacy,3277.36,3317.2,,,v12-lineage,e0d1fca6e16df154b6e559e1e13d66d9ebd815c305fd1acbc282e598f8e12b25
c=9844f4aaa141,Hb2rKGfIOrM,legacy,3557.44,3593.92,,,v12-lineage,e0d1fca6e16df154b6e559e1e13d66d9ebd815c305fd1acbc282e598f8e12b25
c=844e021c42a1,Hb2rKGfIOrM,legacy,3842.72,3862.96,,,v12-lineage,e0d1fca6e16df154b6e559e1e13d66d9ebd815c305fd1acbc282e598f8e12b25
c=17754a36d226,Hb2rKGfIOrM,legacy,3956.08,3995.2,,,v12-lineage,e0d1fca6e16df154b6e559e1e13d66d9ebd815c305fd1acbc282e598f8e12b25
c=7be2bb6bbc80,Hb2rKGfIOrM,legacy,3993.28,4040.64,,,v12-lineage,e0d1fca6e16df154b6e559e1e13d66d9ebd815c305fd1acbc282e598f8e12b25
c=c6d1569a55bb,Hb2rKGfIOrM,legacy,4038.4,4076.32,,,v12-lineage,e0d1fca6e16df154b6e559e1e13d66d9ebd815c305fd1acbc282e598f8e12b25
c=181a21d55be6,g2cQ2kD6lzs,legacy,0,37.28,0,35.08,v12-lineage,af08f04061640138697143be9de4ac5ba83905cee6d693a05581811617ba5685
c=325c3b998344,g2cQ2kD6lzs,legacy,95.28,130.76,,,v12-lineage,af08f04061640138697143be9de4ac5ba83905cee6d693a05581811617ba5685
c=3607586cf74f,g2cQ2kD6lzs,legacy,177.84,197.88,,,v12-lineage,af08f04061640138697143be9de4ac5ba83905cee6d693a05581811617ba5685
c=f52eaf666cb1,g2cQ2kD6lzs,legacy,218.48,242.24,,,v12-lineage,af08f04061640138697143be9de4ac5ba83905cee6d693a05581811617ba5685
c=56ec02aa52d8,g2cQ2kD6lzs,legacy,312.28,360.04,,,v12-lineage,af08f04061640138697143be9de4ac5ba83905cee6d693a05581811617ba5685
c=6ceb32b3834a,g2cQ2kD6lzs,legacy,376.88,428.44,,,v12-lineage,af08f04061640138697143be9de4ac5ba83905cee6d693a05581811617ba5685
c=b0b734b3b5b2,g2cQ2kD6lzs,legacy,433.44,484.48,,,v12-lineage,af08f04061640138697143be9de4ac5ba83905cee6d693a05581811617ba5685
c=cf319752a204,g2cQ2kD6lzs,legacy,739.04,783.76,,,v12-lineage,af08f04061640138697143be9de4ac5ba83905cee6d693a05581811617ba5685
c=3068d327dfa7,g2cQ2kD6lzs,legacy,817.24,851.64,,,v12-lineage,af08f04061640138697143be9de4ac5ba83905cee6d693a05581811617ba5685
c=e783bacc435d,g2cQ2kD6lzs,legacy,948.28,994.88,,,v12-lineage,af08f04061640138697143be9de4ac5ba83905cee6d693a05581811617ba5685
c=6723b7bdf8dc,g2cQ2kD6lzs,legacy,1014.68,1053.48,,,v12-lineage,af08f04061640138697143be9de4ac5ba83905cee6d693a05581811617ba5685
c=3459e4222cde,g2cQ2kD6lzs,legacy,1164.2,1251.68,,,v12-lineage,af08f04061640138697143be9de4ac5ba83905cee6d693a05581811617ba5685
c=9b1950ff34af,g2cQ2kD6lzs,legacy,1292,1313.72,,,v12-lineage,af08f04061640138697143be9de4ac5ba83905cee6d693a05581811617ba5685
c=cfd84744cbe9,g2cQ2kD6lzs,legacy,1333.08,1374.88,,,v12-lineage,af08f04061640138697143be9de4ac5ba83905cee6d693a05581811617ba5685
c=7701843ac826,g2cQ2kD6lzs,legacy,1384.64,1425.8,,,v12-lineage,af08f04061640138697143be9de4ac5ba83905cee6d693a05581811617ba5685
c=01cc16e7bdef,g2cQ2kD6lzs,legacy,1566.8,1647.28,,,v12-lineage,af08f04061640138697143be9de4ac5ba83905cee6d693a05581811617ba5685
c=9bfcef88df7e,g2cQ2kD6lzs,legacy,1688.16,1723.08,,,v12-lineage,af08f04061640138697143be9de4ac5ba83905cee6d693a05581811617ba5685
c=8de3144cf943,g2cQ2kD6lzs,legacy,1721.6,1775.2,,,v12-lineage,af08f04061640138697143be9de4ac5ba83905cee6d693a05581811617ba5685
c=cf899a0a5269,g2cQ2kD6lzs,legacy,1819.2,1861.44,,,v12-lineage,af08f04061640138697143be9de4ac5ba83905cee6d693a05581811617ba5685
c=68f0f52434be,g2cQ2kD6lzs,legacy,1884.68,1924.92,,,v12-lineage,af08f04061640138697143be9de4ac5ba83905cee6d693a05581811617ba5685
c=fa978ff5ed06,g2cQ2kD6lzs,legacy,2009.68,2052,,,v12-lineage,af08f04061640138697143be9de4ac5ba83905cee6d693a05581811617ba5685
c=229d91405599,g2cQ2kD6lzs,legacy,2263.4,2314.48,,,v12-lineage,af08f04061640138697143be9de4ac5ba83905cee6d693a05581811617ba5685
c=61196f3a5922,g2cQ2kD6lzs,legacy,2338.48,2384.56,,,v12-lineage,af08f04061640138697143be9de4ac5ba83905cee6d693a05581811617ba5685
c=d5c53cc0f5ac,g2cQ2kD6lzs,legacy,2476.4,2515.4,,,v12-lineage,af08f04061640138697143be9de4ac5ba83905cee6d693a05581811617ba5685
c=7a67586b3612,g2cQ2kD6lzs,legacy,2540.52,2579.56,,,v12-lineage,af08f04061640138697143be9de4ac5ba83905cee6d693a05581811617ba5685
c=f07e6a244da9,Ive926sC6mc,legacy,19.48,64.48,,,v12-lineage,c164fe4d4b5fb02b8c5e36304d0f0be5fc6ec182b5f497f9dfcdfcacbf1d7e63
c=004125b3d651,Ive926sC6mc,legacy,66.8,91.12,,,v12-lineage,c164fe4d4b5fb02b8c5e36304d0f0be5fc6ec182b5f497f9dfcdfcacbf1d7e63
c=3d68f9336412,Ive926sC6mc,legacy,88.8,144.32,,,v12-lineage,c164fe4d4b5fb02b8c5e36304d0f0be5fc6ec182b5f497f9dfcdfcacbf1d7e63
c=86144e9f6d7c,Ive926sC6mc,legacy,172.72,237.4,,,v12-lineage,c164fe4d4b5fb02b8c5e36304d0f0be5fc6ec182b5f497f9dfcdfcacbf1d7e63
c=fa4b940ebea8,Ive926sC6mc,legacy,270.24,324.64,,,v12-lineage,c164fe4d4b5fb02b8c5e36304d0f0be5fc6ec182b5f497f9dfcdfcacbf1d7e63
c=64020c313d04,Ive926sC6mc,legacy,328.96,363.32,,,v12-lineage,c164fe4d4b5fb02b8c5e36304d0f0be5fc6ec182b5f497f9dfcdfcacbf1d7e63
c=3de206aea8a7,Ive926sC6mc,legacy,366,416.12,,,v12-lineage,c164fe4d4b5fb02b8c5e36304d0f0be5fc6ec182b5f497f9dfcdfcacbf1d7e63
c=df9089cafca9,Ive926sC6mc,legacy,452.6,491.64,,,v12-lineage,c164fe4d4b5fb02b8c5e36304d0f0be5fc6ec182b5f497f9dfcdfcacbf1d7e63
c=2c2570029319,Ive926sC6mc,legacy,662.64,723.44,,,v12-lineage,c164fe4d4b5fb02b8c5e36304d0f0be5fc6ec182b5f497f9dfcdfcacbf1d7e63
c=522a46ef783d,Ive926sC6mc,legacy,798.36,844.32,,,v12-lineage,c164fe4d4b5fb02b8c5e36304d0f0be5fc6ec182b5f497f9dfcdfcacbf1d7e63
c=d08b5d5f0afc,Ive926sC6mc,legacy,840.84,886.76,,,v12-lineage,c164fe4d4b5fb02b8c5e36304d0f0be5fc6ec182b5f497f9dfcdfcacbf1d7e63
c=badf9c1ab163,Ive926sC6mc,legacy,934.76,979.64,,,v12-lineage,c164fe4d4b5fb02b8c5e36304d0f0be5fc6ec182b5f497f9dfcdfcacbf1d7e63
c=eefacc554f3b,Ive926sC6mc,legacy,979.64,1048.56,,,v12-lineage,c164fe4d4b5fb02b8c5e36304d0f0be5fc6ec182b5f497f9dfcdfcacbf1d7e63
c=fb3445576f0c,Ive926sC6mc,legacy,1057,1105.36,,,v12-lineage,c164fe4d4b5fb02b8c5e36304d0f0be5fc6ec182b5f497f9dfcdfcacbf1d7e63
c=f36aee07fbca,Ive926sC6mc,legacy,1130.12,1186.16,,,v12-lineage,c164fe4d4b5fb02b8c5e36304d0f0be5fc6ec182b5f497f9dfcdfcacbf1d7e63
c=15bc4db7c71c,Ive926sC6mc,legacy,1184.36,1214.48,,,v12-lineage,c164fe4d4b5fb02b8c5e36304d0f0be5fc6ec182b5f497f9dfcdfcacbf1d7e63
c=d20e78763052,Ive926sC6mc,legacy,1429.92,1494.56,,,v12-lineage,c164fe4d4b5fb02b8c5e36304d0f0be5fc6ec182b5f497f9dfcdfcacbf1d7e63
c=790da887f28a,Ive926sC6mc,legacy,1680.52,1742.44,,,v12-lineage,c164fe4d4b5fb02b8c5e36304d0f0be5fc6ec182b5f497f9dfcdfcacbf1d7e63
c=64904eef664a,Ive926sC6mc,legacy,1797.88,1837.44,,,v12-lineage,c164fe4d4b5fb02b8c5e36304d0f0be5fc6ec182b5f497f9dfcdfcacbf1d7e63
c=e227de47511f,Ive926sC6mc,legacy,1849.2,1898.56,,,v12-lineage,c164fe4d4b5fb02b8c5e36304d0f0be5fc6ec182b5f497f9dfcdfcacbf1d7e63
c=29afaa193e22,Ive926sC6mc,legacy,1983.56,2026.72,,,v12-lineage,c164fe4d4b5fb02b8c5e36304d0f0be5fc6ec182b5f497f9dfcdfcacbf1d7e63
c=3b416b15c9b5,Ive926sC6mc,legacy,2097.48,2138.04,2097.48,2138.04,v12-lineage,c164fe4d4b5fb02b8c5e36304d0f0be5fc6ec182b5f497f9dfcdfcacbf1d7e63
c=62635bce5e7d,Ive926sC6mc,legacy,2206,2262.24,,,v12-lineage,c164fe4d4b5fb02b8c5e36304d0f0be5fc6ec182b5f497f9dfcdfcacbf1d7e63
c=9ce745240bd3,Ive926sC6mc,legacy,2295.56,2356.76,,,v12-lineage,c164fe4d4b5fb02b8c5e36304d0f0be5fc6ec182b5f497f9dfcdfcacbf1d7e63
c=22249d26020b,Ive926sC6mc,legacy,2433,2478.44,,,v12-lineage,c164fe4d4b5fb02b8c5e36304d0f0be5fc6ec182b5f497f9dfcdfcacbf1d7e63
c=0715279202c9,Ive926sC6mc,legacy,2510.32,2557.6,,,v12-lineage,c164fe4d4b5fb02b8c5e36304d0f0be5fc6ec182b5f497f9dfcdfcacbf1d7e63
c=0eefa9fa69ca,Ive926sC6mc,legacy,2618.8,2664.36,,,v12-lineage,c164fe4d4b5fb02b8c5e36304d0f0be5fc6ec182b5f497f9dfcdfcacbf1d7e63
c=732e4ad5f7ef,Ive926sC6mc,legacy,2661.36,2721,,,v12-lineage,c164fe4d4b5fb02b8c5e36304d0f0be5fc6ec182b5f497f9dfcdfcacbf1d7e63
c=4393357e447d,Ive926sC6mc,legacy,2733.4,2771.36,,,v12-lineage,c164fe4d4b5fb02b8c5e36304d0f0be5fc6ec182b5f497f9dfcdfcacbf1d7e63
c=ff14d31e95b7,Ive926sC6mc,legacy,2772,2845.64,,,v12-lineage,c164fe4d4b5fb02b8c5e36304d0f0be5fc6ec182b5f497f9dfcdfcacbf1d7e63
c=74d58e09e618,Ive926sC6mc,legacy,2985.24,3031.76,,,v12-lineage,c164fe4d4b5fb02b8c5e36304d0f0be5fc6ec182b5f497f9dfcdfcacbf1d7e63
c=10c31cb4400e,Ive926sC6mc,legacy,3092.96,3141.8,,,v12-lineage,c164fe4d4b5fb02b8c5e36304d0f0be5fc6ec182b5f497f9dfcdfcacbf1d7e63
c=fd3af6fdd140,Ive926sC6mc,legacy,3145.56,3202.88,,,v12-lineage,c164fe4d4b5fb02b8c5e36304d0f0be5fc6ec182b5f497f9dfcdfcacbf1d7e63
c=0993798a6756,Ive926sC6mc,legacy,3202.88,3291.56,,,v12-lineage,c164fe4d4b5fb02b8c5e36304d0f0be5fc6ec182b5f497f9dfcdfcacbf1d7e63
c=4fbd11552d31,Ive926sC6mc,legacy,3311,3369.36,,,v12-lineage,c164fe4d4b5fb02b8c5e36304d0f0be5fc6ec182b5f497f9dfcdfcacbf1d7e63
c=3dea3e5457fa,Ive926sC6mc,legacy,3409.2,3464.72,,,v12-lineage,c164fe4d4b5fb02b8c5e36304d0f0be5fc6ec182b5f497f9dfcdfcacbf1d7e63
c=4dd5f671a4bf,Ive926sC6mc,legacy,3490.52,3545.56,,,v12-lineage,c164fe4d4b5fb02b8c5e36304d0f0be5fc6ec182b5f497f9dfcdfcacbf1d7e63
c=5c8e458608a5,Ive926sC6mc,legacy,3597.68,3661.84,,,v12-lineage,c164fe4d4b5fb02b8c5e36304d0f0be5fc6ec182b5f497f9dfcdfcacbf1d7e63
c=39809f08d870,Ive926sC6mc,legacy,3744.64,3770.76,,,v12-lineage,c164fe4d4b5fb02b8c5e36304d0f0be5fc6ec182b5f497f9dfcdfcacbf1d7e63
c=b356115ea703,Ive926sC6mc,legacy,3784.92,3835.8,,,v12-lineage,c164fe4d4b5fb02b8c5e36304d0f0be5fc6ec182b5f497f9dfcdfcacbf1d7e63
c=efc96b5ff357,3NSC5nps3OM,legacy,26.48,72.44,,,v12-lineage,bb4143c6decd081068986172f6492bec4406bb32f0171866abbec38964795015
c=0b7365711665,3NSC5nps3OM,legacy,107.48,152.4,,,v12-lineage,bb4143c6decd081068986172f6492bec4406bb32f0171866abbec38964795015
c=a9454d171520,3NSC5nps3OM,legacy,277.44,344.72,,,v12-lineage,bb4143c6decd081068986172f6492bec4406bb32f0171866abbec38964795015
c=0a8930d6547d,3NSC5nps3OM,legacy,358.12,419.36,,,v12-lineage,bb4143c6decd081068986172f6492bec4406bb32f0171866abbec38964795015
c=7ad4c7ea26e1,3NSC5nps3OM,legacy,426.28,486.4,,,v12-lineage,bb4143c6decd081068986172f6492bec4406bb32f0171866abbec38964795015
c=0ea0eec5861d,3NSC5nps3OM,legacy,632.08,682.52,,,v12-lineage,bb4143c6decd081068986172f6492bec4406bb32f0171866abbec38964795015
c=bb5e426b24d4,3NSC5nps3OM,legacy,689.24,743.84,,,v12-lineage,bb4143c6decd081068986172f6492bec4406bb32f0171866abbec38964795015
c=34a26a170074,3NSC5nps3OM,legacy,846.96,910.88,,,v12-lineage,bb4143c6decd081068986172f6492bec4406bb32f0171866abbec38964795015
c=ed3006ecb613,3NSC5nps3OM,legacy,954,989.12,,,v12-lineage,bb4143c6decd081068986172f6492bec4406bb32f0171866abbec38964795015
c=b0f88c74d568,3NSC5nps3OM,legacy,988.4,1062,,,v12-lineage,bb4143c6decd081068986172f6492bec4406bb32f0171866abbec38964795015
c=b93dea14069f,3NSC5nps3OM,legacy,1065.08,1101.48,,,v12-lineage,bb4143c6decd081068986172f6492bec4406bb32f0171866abbec38964795015
c=954b13bd8fc5,3NSC5nps3OM,legacy,1190.76,1248.04,,,v12-lineage,bb4143c6decd081068986172f6492bec4406bb32f0171866abbec38964795015
c=6e6c50932afe,3NSC5nps3OM,legacy,1288.8,1360.16,,,v12-lineage,bb4143c6decd081068986172f6492bec4406bb32f0171866abbec38964795015
c=9e6083fd582d,3NSC5nps3OM,legacy,1376.2,1429.24,,,v12-lineage,bb4143c6decd081068986172f6492bec4406bb32f0171866abbec38964795015
c=af2c9767dfc9,3NSC5nps3OM,legacy,1442.84,1507.72,,,v12-lineage,bb4143c6decd081068986172f6492bec4406bb32f0171866abbec38964795015
c=d84c8ed84c1d,3NSC5nps3OM,legacy,1505.48,1544.52,,,v12-lineage,bb4143c6decd081068986172f6492bec4406bb32f0171866abbec38964795015
c=cc93f78f2560,3NSC5nps3OM,legacy,1558.8,1639.68,,,v12-lineage,bb4143c6decd081068986172f6492bec4406bb32f0171866abbec38964795015
c=5344309f5035,3NSC5nps3OM,legacy,1795.32,1849.96,,,v12-lineage,bb4143c6decd081068986172f6492bec4406bb32f0171866abbec38964795015
c=89c7ff470ab9,3NSC5nps3OM,legacy,1890.44,1948.4,,,v12-lineage,bb4143c6decd081068986172f6492bec4406bb32f0171866abbec38964795015
c=6065a196f512,3NSC5nps3OM,legacy,1970.72,2051.2,,,v12-lineage,bb4143c6decd081068986172f6492bec4406bb32f0171866abbec38964795015
c=1050a749a4ab,3NSC5nps3OM,legacy,2092.68,2140.72,,,v12-lineage,bb4143c6decd081068986172f6492bec4406bb32f0171866abbec38964795015
c=30530741cb5d,3NSC5nps3OM,legacy,2194.4,2260.76,,,v12-lineage,bb4143c6decd081068986172f6492bec4406bb32f0171866abbec38964795015
c=f88e817e3405,3NSC5nps3OM,legacy,2260.76,2308.44,,,v12-lineage,bb4143c6decd081068986172f6492bec4406bb32f0171866abbec38964795015
c=01d19a20f680,3NSC5nps3OM,legacy,2310.88,2365,,,v12-lineage,bb4143c6decd081068986172f6492bec4406bb32f0171866abbec38964795015
c=bc972bc28ba9,3NSC5nps3OM,legacy,2377,2433.96,,,v12-lineage,bb4143c6decd081068986172f6492bec4406bb32f0171866abbec38964795015
c=cd6ab088f406,3NSC5nps3OM,legacy,2433.96,2497.48,,,v12-lineage,bb4143c6decd081068986172f6492bec4406bb32f0171866abbec38964795015
c=0b8036e74010,3NSC5nps3OM,legacy,2576.2,2621.52,,,v12-lineage,bb4143c6decd081068986172f6492bec4406bb32f0171866abbec38964795015
c=4aadfdb28614,3NSC5nps3OM,legacy,2697,2743.12,,,v12-lineage,bb4143c6decd081068986172f6492bec4406bb32f0171866abbec38964795015
c=f2b09412b76a,3NSC5nps3OM,legacy,2759.04,2820.36,,,v12-lineage,bb4143c6decd081068986172f6492bec4406bb32f0171866abbec38964795015
c=3ec20b4e7bdb,3NSC5nps3OM,legacy,2854.48,2928,,,v12-lineage,bb4143c6decd081068986172f6492bec4406bb32f0171866abbec38964795015
c=75eefcbb5637,3NSC5nps3OM,legacy,2980.24,3020.88,,,v12-lineage,bb4143c6decd081068986172f6492bec4406bb32f0171866abbec38964795015
c=39bc82d281fe,3NSC5nps3OM,legacy,3018.6,3047.6,,,v12-lineage,bb4143c6decd081068986172f6492bec4406bb32f0171866abbec38964795015
c=ef880ff1313e,3NSC5nps3OM,legacy,3067.72,3111.92,,,v12-lineage,bb4143c6decd081068986172f6492bec4406bb32f0171866abbec38964795015
c=1913d2cef342,3NSC5nps3OM,legacy,3142.64,3185.76,,,v12-lineage,bb4143c6decd081068986172f6492bec4406bb32f0171866abbec38964795015
c=12592847e510,3NSC5nps3OM,legacy,3182.52,3226.04,,,v12-lineage,bb4143c6decd081068986172f6492bec4406bb32f0171866abbec38964795015
c=61f36afc88b9,3NSC5nps3OM,legacy,3300,3356.32,,,v12-lineage,bb4143c6decd081068986172f6492bec4406bb32f0171866abbec38964795015
c=c1e4676c7568,3NSC5nps3OM,legacy,3354.48,3422.44,,,v12-lineage,bb4143c6decd081068986172f6492bec4406bb32f0171866abbec38964795015
c=8da1ffee2f07,3NSC5nps3OM,legacy,3437.28,3482.28,,,v12-lineage,bb4143c6decd081068986172f6492bec4406bb32f0171866abbec38964795015
c=a7c70f811837,3NSC5nps3OM,legacy,3553.88,3636,,,v12-lineage,bb4143c6decd081068986172f6492bec4406bb32f0171866abbec38964795015
c=62d45d3f4110,3NSC5nps3OM,legacy,3684.2,3727.65,,,v12-lineage,bb4143c6decd081068986172f6492bec4406bb32f0171866abbec38964795015
c=c410ad997f6c,376JmatmnaI,legacy,0.62,60.96,,,v12-lineage,9e38d584f88ec659214b3fa323c1a8169ffff924a56a79a4b7b01efeabdca7db
c=838e8882741c,376JmatmnaI,legacy,73.28,123.56,,,v12-lineage,9e38d584f88ec659214b3fa323c1a8169ffff924a56a79a4b7b01efeabdca7db
c=04eb387f9df0,376JmatmnaI,legacy,120.68,164.72,,,v12-lineage,9e38d584f88ec659214b3fa323c1a8169ffff924a56a79a4b7b01efeabdca7db
c=3530365d9492,376JmatmnaI,legacy,295.76,349.24,,,v12-lineage,9e38d584f88ec659214b3fa323c1a8169ffff924a56a79a4b7b01efeabdca7db
c=20ead57a75ba,376JmatmnaI,legacy,377.88,427.28,,,v12-lineage,9e38d584f88ec659214b3fa323c1a8169ffff924a56a79a4b7b01efeabdca7db
c=66793f247b52,376JmatmnaI,legacy,440.44,497.76,,,v12-lineage,9e38d584f88ec659214b3fa323c1a8169ffff924a56a79a4b7b01efeabdca7db
c=dc86cdd46fad,376JmatmnaI,legacy,496.2,540.72,,,v12-lineage,9e38d584f88ec659214b3fa323c1a8169ffff924a56a79a4b7b01efeabdca7db
c=d6a753effac3,376JmatmnaI,legacy,552.76,596.96,,,v12-lineage,9e38d584f88ec659214b3fa323c1a8169ffff924a56a79a4b7b01efeabdca7db
c=5ba8e08ddcfa,376JmatmnaI,legacy,594.44,638.72,,,v12-lineage,9e38d584f88ec659214b3fa323c1a8169ffff924a56a79a4b7b01efeabdca7db
c=fc414046e98f,376JmatmnaI,legacy,636.52,678.04,,,v12-lineage,9e38d584f88ec659214b3fa323c1a8169ffff924a56a79a4b7b01efeabdca7db
c=a6087fc24f50,376JmatmnaI,legacy,731,781.08,,,v12-lineage,9e38d584f88ec659214b3fa323c1a8169ffff924a56a79a4b7b01efeabdca7db
c=4ba55bd87a91,376JmatmnaI,legacy,920,983.88,,,v12-lineage,9e38d584f88ec659214b3fa323c1a8169ffff924a56a79a4b7b01efeabdca7db
c=8e811b9695df,376JmatmnaI,legacy,1009.84,1043.44,,,v12-lineage,9e38d584f88ec659214b3fa323c1a8169ffff924a56a79a4b7b01efeabdca7db
c=9e94a8b9a84c,376JmatmnaI,legacy,1169.72,1213.04,,,v12-lineage,9e38d584f88ec659214b3fa323c1a8169ffff924a56a79a4b7b01efeabdca7db
c=24a233d5fb09,376JmatmnaI,legacy,1280.2,1323.48,,,v12-lineage,9e38d584f88ec659214b3fa323c1a8169ffff924a56a79a4b7b01efeabdca7db
c=8652ccf7e90f,376JmatmnaI,legacy,1321.48,1362.36,,,v12-lineage,9e38d584f88ec659214b3fa323c1a8169ffff924a56a79a4b7b01efeabdca7db
c=5956d82f141a,376JmatmnaI,legacy,1372.84,1415.88,,,v12-lineage,9e38d584f88ec659214b3fa323c1a8169ffff924a56a79a4b7b01efeabdca7db
c=579ce7c7ae72,376JmatmnaI,legacy,1501.12,1554.48,,,v12-lineage,9e38d584f88ec659214b3fa323c1a8169ffff924a56a79a4b7b01efeabdca7db
c=39c2fc0001b4,376JmatmnaI,legacy,1691.36,1754.96,,,v12-lineage,9e38d584f88ec659214b3fa323c1a8169ffff924a56a79a4b7b01efeabdca7db
c=5d4688039ab1,376JmatmnaI,legacy,1910.28,1978.56,,,v12-lineage,9e38d584f88ec659214b3fa323c1a8169ffff924a56a79a4b7b01efeabdca7db
c=b69cff48a835,376JmatmnaI,legacy,1976.88,2019.6,,,v12-lineage,9e38d584f88ec659214b3fa323c1a8169ffff924a56a79a4b7b01efeabdca7db
c=4554409f9874,376JmatmnaI,legacy,2048.2,2090.32,,,v12-lineage,9e38d584f88ec659214b3fa323c1a8169ffff924a56a79a4b7b01efeabdca7db
c=776b141172e0,376JmatmnaI,legacy,2113.72,2191.84,,,v12-lineage,9e38d584f88ec659214b3fa323c1a8169ffff924a56a79a4b7b01efeabdca7db
c=39b4302deff1,376JmatmnaI,legacy,2227.72,2274.12,,,v12-lineage,9e38d584f88ec659214b3fa323c1a8169ffff924a56a79a4b7b01efeabdca7db
c=8616efa4dfa6,376JmatmnaI,legacy,2308.56,2360.12,,,v12-lineage,9e38d584f88ec659214b3fa323c1a8169ffff924a56a79a4b7b01efeabdca7db
c=92bef482c319,376JmatmnaI,legacy,2443.52,2503.8,,,v12-lineage,9e38d584f88ec659214b3fa323c1a8169ffff924a56a79a4b7b01efeabdca7db
c=abf6809c1f45,376JmatmnaI,legacy,2501.84,2550.92,,,v12-lineage,9e38d584f88ec659214b3fa323c1a8169ffff924a56a79a4b7b01efeabdca7db
c=4acba6c06e08,376JmatmnaI,legacy,2563.24,2616,,,v12-lineage,9e38d584f88ec659214b3fa323c1a8169ffff924a56a79a4b7b01efeabdca7db
c=7c6619cfa752,376JmatmnaI,legacy,2734.36,2782.4,,,v12-lineage,9e38d584f88ec659214b3fa323c1a8169ffff924a56a79a4b7b01efeabdca7db
c=f2368808c0c5,376JmatmnaI,legacy,2794.52,2860.84,,,v12-lineage,9e38d584f88ec659214b3fa323c1a8169ffff924a56a79a4b7b01efeabdca7db
c=750dfd7d46fb,376JmatmnaI,legacy,2870.68,2952.36,,,v12-lineage,9e38d584f88ec659214b3fa323c1a8169ffff924a56a79a4b7b01efeabdca7db
c=fad35e0d1a88,376JmatmnaI,legacy,2989.2,3065.72,,,v12-lineage,9e38d584f88ec659214b3fa323c1a8169ffff924a56a79a4b7b01efeabdca7db
c=051da761b525,376JmatmnaI,legacy,3155.4,3214.08,,,v12-lineage,9e38d584f88ec659214b3fa323c1a8169ffff924a56a79a4b7b01efeabdca7db
c=8a8caaba84df,376JmatmnaI,legacy,3211.92,3253.56,,,v12-lineage,9e38d584f88ec659214b3fa323c1a8169ffff924a56a79a4b7b01efeabdca7db
c=dbda7da6c2c1,376JmatmnaI,legacy,3291.44,3339.2,,,v12-lineage,9e38d584f88ec659214b3fa323c1a8169ffff924a56a79a4b7b01efeabdca7db
c=0fb0d871c5aa,376JmatmnaI,legacy,3440,3511.32,,,v12-lineage,9e38d584f88ec659214b3fa323c1a8169ffff924a56a79a4b7b01efeabdca7db
c=b64aba548e90,376JmatmnaI,legacy,3509.8,3552.64,,,v12-lineage,9e38d584f88ec659214b3fa323c1a8169ffff924a56a79a4b7b01efeabdca7db
c=aee89a74a40c,376JmatmnaI,legacy,3682.56,3746.08,,,v12-lineage,9e38d584f88ec659214b3fa323c1a8169ffff924a56a79a4b7b01efeabdca7db
c=e58e6721f1ad,376JmatmnaI,legacy,3849.56,3897.4,,,v12-lineage,9e38d584f88ec659214b3fa323c1a8169ffff924a56a79a4b7b01efeabdca7db
c=15db40d6dca1,376JmatmnaI,legacy,4013.44,4059.08,,,v12-lineage,9e38d584f88ec659214b3fa323c1a8169ffff924a56a79a4b7b01efeabdca7db
c=034b191a2b7e,XuoqKYxDHVc,legacy,138,164.16,,,v12-lineage,f8cce650717ae6b5d4616e7f4c7777aa03bdb3567de00505bf95c48938a01c76
c=2b2afe1d834c,XuoqKYxDHVc,legacy,290.8,306.72,,,v12-lineage,f8cce650717ae6b5d4616e7f4c7777aa03bdb3567de00505bf95c48938a01c76
c=1e4705b8dfd4,XuoqKYxDHVc,legacy,442,477.6,,,v12-lineage,f8cce650717ae6b5d4616e7f4c7777aa03bdb3567de00505bf95c48938a01c76
c=cb087f1e340a,XuoqKYxDHVc,legacy,613.28,641.2,,,v12-lineage,f8cce650717ae6b5d4616e7f4c7777aa03bdb3567de00505bf95c48938a01c76
c=4b8864c310d3,XuoqKYxDHVc,legacy,956.4,991.6,,,v12-lineage,f8cce650717ae6b5d4616e7f4c7777aa03bdb3567de00505bf95c48938a01c76
c=8f4c6b9115b4,XuoqKYxDHVc,legacy,1042.68,1124.28,,,v12-lineage,f8cce650717ae6b5d4616e7f4c7777aa03bdb3567de00505bf95c48938a01c76
c=d67f3fddfe4c,XuoqKYxDHVc,legacy,1402.32,1424.36,,,v12-lineage,f8cce650717ae6b5d4616e7f4c7777aa03bdb3567de00505bf95c48938a01c76
c=5755ef4bff9f,XuoqKYxDHVc,legacy,1705.24,1750.48,,,v12-lineage,f8cce650717ae6b5d4616e7f4c7777aa03bdb3567de00505bf95c48938a01c76
c=2a12042ef32f,XuoqKYxDHVc,legacy,2080.24,2125.76,,,v12-lineage,f8cce650717ae6b5d4616e7f4c7777aa03bdb3567de00505bf95c48938a01c76
c=19483c4136db,XuoqKYxDHVc,legacy,2203.72,2225,,,v12-lineage,f8cce650717ae6b5d4616e7f4c7777aa03bdb3567de00505bf95c48938a01c76
c=8ab3662400ce,XuoqKYxDHVc,legacy,2480.12,2555.24,,,v12-lineage,f8cce650717ae6b5d4616e7f4c7777aa03bdb3567de00505bf95c48938a01c76
c=270f0c069e3d,XuoqKYxDHVc,legacy,2793.52,2833.96,,,v12-lineage,f8cce650717ae6b5d4616e7f4c7777aa03bdb3567de00505bf95c48938a01c76
c=8b967ae58864,XuoqKYxDHVc,legacy,3233.4,3258.72,,,v12-lineage,f8cce650717ae6b5d4616e7f4c7777aa03bdb3567de00505bf95c48938a01c76
c=f730573bb1ef,XuoqKYxDHVc,legacy,3397.68,3443.92,,,v12-lineage,f8cce650717ae6b5d4616e7f4c7777aa03bdb3567de00505bf95c48938a01c76
c=7c024252d888,XuoqKYxDHVc,legacy,3456,3502.72,,,v12-lineage,f8cce650717ae6b5d4616e7f4c7777aa03bdb3567de00505bf95c48938a01c76
c=7aab958e7699,XuoqKYxDHVc,legacy,3501.68,3590.76,,,v12-lineage,f8cce650717ae6b5d4616e7f4c7777aa03bdb3567de00505bf95c48938a01c76
c=b99c5bdeb83a,XuoqKYxDHVc,legacy,3773.84,3822.8,,,v12-lineage,f8cce650717ae6b5d4616e7f4c7777aa03bdb3567de00505bf95c48938a01c76
c=e2b23b1b7a03,XuoqKYxDHVc,legacy,3887.88,3932.36,,,v12-lineage,f8cce650717ae6b5d4616e7f4c7777aa03bdb3567de00505bf95c48938a01c76
c=da859c20ba8d,XuoqKYxDHVc,legacy,3995.04,4011.36,,,v12-lineage,f8cce650717ae6b5d4616e7f4c7777aa03bdb3567de00505bf95c48938a01c76
c=979e03b50ec1,XuoqKYxDHVc,legacy,4010.24,4055.4,,,v12-lineage,f8cce650717ae6b5d4616e7f4c7777aa03bdb3567de00505bf95c48938a01c76
c=a0591b5149a8,XuoqKYxDHVc,legacy,4058.8,4078.76,,,v12-lineage,f8cce650717ae6b5d4616e7f4c7777aa03bdb3567de00505bf95c48938a01c76
c=bf46b383409d,XuoqKYxDHVc,legacy,4214.88,4235.44,,,v12-lineage,f8cce650717ae6b5d4616e7f4c7777aa03bdb3567de00505bf95c48938a01c76
c=f0dba52b54f9,XuoqKYxDHVc,legacy,4313.92,4371,,,v12-lineage,f8cce650717ae6b5d4616e7f4c7777aa03bdb3567de00505bf95c48938a01c76
c=6b1e99b64f87,XuoqKYxDHVc,legacy,4431.64,4465.64,,,v12-lineage,f8cce650717ae6b5d4616e7f4c7777aa03bdb3567de00505bf95c48938a01c76
c=41a6fb754065,XuoqKYxDHVc,legacy,4543.64,4614.24,,,v12-lineage,f8cce650717ae6b5d4616e7f4c7777aa03bdb3567de00505bf95c48938a01c76
c=c8d4b9bd438e,XuoqKYxDHVc,legacy,4628.64,4651.12,,,v12-lineage,f8cce650717ae6b5d4616e7f4c7777aa03bdb3567de00505bf95c48938a01c76
c=507346fbf19c,XuoqKYxDHVc,legacy,4693.36,4717.96,,,v12-lineage,f8cce650717ae6b5d4616e7f4c7777aa03bdb3567de00505bf95c48938a01c76
c=f716e4066232,XuoqKYxDHVc,legacy,4833.32,4850,,,v12-lineage,f8cce650717ae6b5d4616e7f4c7777aa03bdb3567de00505bf95c48938a01c76
c=1338bdd4b591,XuoqKYxDHVc,legacy,4940.36,4955.4,,,v12-lineage,f8cce650717ae6b5d4616e7f4c7777aa03bdb3567de00505bf95c48938a01c76
c=ddf22c69f046,XuoqKYxDHVc,legacy,5005.08,5022.6,,,v12-lineage,f8cce650717ae6b5d4616e7f4c7777aa03bdb3567de00505bf95c48938a01c76
c=9d692dad74ab,LAmGfokvgzA,calibration,38.28,109.84,,,v14-lineage-v1,c97f7db814a9cd4c98a71d6e8c94353bde4458a3072d640fc3c339df03f2315f
c=7e58f435b77b,LAmGfokvgzA,calibration,107.64,142.24,,,v14-lineage-v1,c97f7db814a9cd4c98a71d6e8c94353bde4458a3072d640fc3c339df03f2315f
c=824c082a3d90,LAmGfokvgzA,calibration,598.36,645.6,,,v14-lineage-v1,c97f7db814a9cd4c98a71d6e8c94353bde4458a3072d640fc3c339df03f2315f
c=1e6db7684cf5,LAmGfokvgzA,calibration,699.16,761.48,,,v14-lineage-v1,c97f7db814a9cd4c98a71d6e8c94353bde4458a3072d640fc3c339df03f2315f
c=c4e9f380fafc,LAmGfokvgzA,calibration,812.56,861.16,,,v14-lineage-v1,c97f7db814a9cd4c98a71d6e8c94353bde4458a3072d640fc3c339df03f2315f
c=7b65adabb593,LAmGfokvgzA,calibration,1039.36,1091,,,v14-lineage-v1,c97f7db814a9cd4c98a71d6e8c94353bde4458a3072d640fc3c339df03f2315f
c=f5ee0b594e06,LAmGfokvgzA,calibration,1377.48,1417.12,,,v14-lineage-v1,c97f7db814a9cd4c98a71d6e8c94353bde4458a3072d640fc3c339df03f2315f
c=8a8c6c159418,LAmGfokvgzA,calibration,1479.24,1518.2,,,v14-lineage-v1,c97f7db814a9cd4c98a71d6e8c94353bde4458a3072d640fc3c339df03f2315f
c=77c85268ffbb,LAmGfokvgzA,calibration,1574.8,1597.28,,,v14-lineage-v1,c97f7db814a9cd4c98a71d6e8c94353bde4458a3072d640fc3c339df03f2315f
c=e5ff40b38939,LAmGfokvgzA,calibration,1708.32,1741.64,,,v14-lineage-v1,c97f7db814a9cd4c98a71d6e8c94353bde4458a3072d640fc3c339df03f2315f
c=ff96a912a96b,LAmGfokvgzA,calibration,1802,1856.64,,,v14-lineage-v1,c97f7db814a9cd4c98a71d6e8c94353bde4458a3072d640fc3c339df03f2315f
c=a7e7e1cca9e3,LAmGfokvgzA,calibration,1936.32,2002.92,,,v14-lineage-v1,c97f7db814a9cd4c98a71d6e8c94353bde4458a3072d640fc3c339df03f2315f
c=08d9c6038256,LAmGfokvgzA,calibration,2081.44,2119.32,,,v14-lineage-v1,c97f7db814a9cd4c98a71d6e8c94353bde4458a3072d640fc3c339df03f2315f
c=2db100c4d3fc,LAmGfokvgzA,calibration,2317,2364.12,,,v14-lineage-v1,c97f7db814a9cd4c98a71d6e8c94353bde4458a3072d640fc3c339df03f2315f
c=e93ed61d0b77,LAmGfokvgzA,calibration,2563.32,2606.4,,,v14-lineage-v1,c97f7db814a9cd4c98a71d6e8c94353bde4458a3072d640fc3c339df03f2315f
c=4c3bdbf3cc27,LAmGfokvgzA,calibration,2743.24,2771.36,,,v14-lineage-v1,c97f7db814a9cd4c98a71d6e8c94353bde4458a3072d640fc3c339df03f2315f
c=eb368cc6e1d1,LAmGfokvgzA,calibration,2774.76,2819.32,,,v14-lineage-v1,c97f7db814a9cd4c98a71d6e8c94353bde4458a3072d640fc3c339df03f2315f
c=db9c366a36ba,LAmGfokvgzA,calibration,2838.88,2878.76,,,v14-lineage-v1,c97f7db814a9cd4c98a71d6e8c94353bde4458a3072d640fc3c339df03f2315f
c=b8377085968f,LAmGfokvgzA,calibration,3021.28,3063.84,,,v14-lineage-v1,c97f7db814a9cd4c98a71d6e8c94353bde4458a3072d640fc3c339df03f2315f
c=1e698710416e,LAmGfokvgzA,calibration,3062.24,3111.04,,,v14-lineage-v1,c97f7db814a9cd4c98a71d6e8c94353bde4458a3072d640fc3c339df03f2315f
c=f06f944ce9d1,LAmGfokvgzA,calibration,3171.12,3212.12,,,v14-lineage-v1,c97f7db814a9cd4c98a71d6e8c94353bde4458a3072d640fc3c339df03f2315f
c=6b19130cbab5,LAmGfokvgzA,calibration,3245.76,3323.04,,,v14-lineage-v1,c97f7db814a9cd4c98a71d6e8c94353bde4458a3072d640fc3c339df03f2315f
c=37b93f6222b1,LAmGfokvgzA,calibration,3420.76,3464.88,,,v14-lineage-v1,c97f7db814a9cd4c98a71d6e8c94353bde4458a3072d640fc3c339df03f2315f
c=981bbdb2e679,LAmGfokvgzA,calibration,3467.72,3537.76,,,v14-lineage-v1,c97f7db814a9cd4c98a71d6e8c94353bde4458a3072d640fc3c339df03f2315f
c=3ce81ef16088,LAmGfokvgzA,calibration,3687.96,3746.64,,,v14-lineage-v1,c97f7db814a9cd4c98a71d6e8c94353bde4458a3072d640fc3c339df03f2315f
c=0e66be36eaed,LAmGfokvgzA,calibration,3751.68,3805.64,,,v14-lineage-v1,c97f7db814a9cd4c98a71d6e8c94353bde4458a3072d640fc3c339df03f2315f
c=fd43a360f9ca,LAmGfokvgzA,calibration,3831.72,3874.6,,,v14-lineage-v1,c97f7db814a9cd4c98a71d6e8c94353bde4458a3072d640fc3c339df03f2315f
c=db382577df0a,LAmGfokvgzA,calibration,4012.08,4056.32,,,v14-lineage-v1,c97f7db814a9cd4c98a71d6e8c94353bde4458a3072d640fc3c339df03f2315f
c=71c9ad54af71,LAmGfokvgzA,calibration,4103.2,4157.96,,,v14-lineage-v1,c97f7db814a9cd4c98a71d6e8c94353bde4458a3072d640fc3c339df03f2315f
c=973630f05211,LAmGfokvgzA,calibration,4300.24,4348.68,,,v14-lineage-v1,c97f7db814a9cd4c98a71d6e8c94353bde4458a3072d640fc3c339df03f2315f
c=f389b51fbb63,LAmGfokvgzA,calibration,4606.04,4650.72,,,v14-lineage-v1,c97f7db814a9cd4c98a71d6e8c94353bde4458a3072d640fc3c339df03f2315f
c=ea5a4f3ca781,LAmGfokvgzA,calibration,4732.96,4779.28,,,v14-lineage-v1,c97f7db814a9cd4c98a71d6e8c94353bde4458a3072d640fc3c339df03f2315f
c=2dbb6d71a5b8,LAmGfokvgzA,calibration,4795.16,4826.52,,,v14-lineage-v1,c97f7db814a9cd4c98a71d6e8c94353bde4458a3072d640fc3c339df03f2315f
c=80d0ff2654a4,LAmGfokvgzA,calibration,4824.04,4882.84,,,v14-lineage-v1,c97f7db814a9cd4c98a71d6e8c94353bde4458a3072d640fc3c339df03f2315f
c=0add66c94274,LAmGfokvgzA,calibration,4919.56,4996,,,v14-lineage-v1,c97f7db814a9cd4c98a71d6e8c94353bde4458a3072d640fc3c339df03f2315f
c=f22fba8fcc22,LAmGfokvgzA,calibration,5003.16,5047.88,,,v14-lineage-v1,c97f7db814a9cd4c98a71d6e8c94353bde4458a3072d640fc3c339df03f2315f
c=7a99811e6633,LAmGfokvgzA,calibration,5357.08,5401.92,,,v14-lineage-v1,c97f7db814a9cd4c98a71d6e8c94353bde4458a3072d640fc3c339df03f2315f
c=8541af1b8ff1,LAmGfokvgzA,calibration,5550.8,5586.36,,,v14-lineage-v1,c97f7db814a9cd4c98a71d6e8c94353bde4458a3072d640fc3c339df03f2315f
c=76b32fe81087,LAmGfokvgzA,calibration,5584.44,5652.2,,,v14-lineage-v1,c97f7db814a9cd4c98a71d6e8c94353bde4458a3072d640fc3c339df03f2315f
c=8a513a1e9c2e,LAmGfokvgzA,calibration,5650,5681.52,,,v14-lineage-v1,c97f7db814a9cd4c98a71d6e8c94353bde4458a3072d640fc3c339df03f2315f
c=b3ec4388ce38,e1WM_JEmP-Q,holdout,3.2,47.32,,,v14-lineage-v1,adca5949309dff15956da4fe9a9238ce02f89223364a1040267ddd5e7cd4178a
c=e10c70636c81,e1WM_JEmP-Q,holdout,79.2,132.08,,,v14-lineage-v1,adca5949309dff15956da4fe9a9238ce02f89223364a1040267ddd5e7cd4178a
c=051ea557b784,e1WM_JEmP-Q,holdout,159.36,208.16,,,v14-lineage-v1,adca5949309dff15956da4fe9a9238ce02f89223364a1040267ddd5e7cd4178a
c=4e89459c1303,e1WM_JEmP-Q,holdout,241.48,272.36,,,v14-lineage-v1,adca5949309dff15956da4fe9a9238ce02f89223364a1040267ddd5e7cd4178a
c=3d78f4571393,e1WM_JEmP-Q,holdout,271.4,336.6,,,v14-lineage-v1,adca5949309dff15956da4fe9a9238ce02f89223364a1040267ddd5e7cd4178a
c=b92dd9c89795,e1WM_JEmP-Q,holdout,377.44,429.2,,,v14-lineage-v1,adca5949309dff15956da4fe9a9238ce02f89223364a1040267ddd5e7cd4178a
c=d66cfcd814d6,e1WM_JEmP-Q,holdout,436.6,484.72,,,v14-lineage-v1,adca5949309dff15956da4fe9a9238ce02f89223364a1040267ddd5e7cd4178a
c=9babc8091d99,e1WM_JEmP-Q,holdout,485.56,530.84,,,v14-lineage-v1,adca5949309dff15956da4fe9a9238ce02f89223364a1040267ddd5e7cd4178a
c=1ce1cdebbd20,e1WM_JEmP-Q,holdout,528.68,573.84,,,v14-lineage-v1,adca5949309dff15956da4fe9a9238ce02f89223364a1040267ddd5e7cd4178a
c=6745883eb40b,e1WM_JEmP-Q,holdout,596.36,641.52,,,v14-lineage-v1,adca5949309dff15956da4fe9a9238ce02f89223364a1040267ddd5e7cd4178a
c=25a62e87d995,e1WM_JEmP-Q,holdout,647.8,697.28,,,v14-lineage-v1,adca5949309dff15956da4fe9a9238ce02f89223364a1040267ddd5e7cd4178a
c=352cd992470b,e1WM_JEmP-Q,holdout,746.68,770,,,v14-lineage-v1,adca5949309dff15956da4fe9a9238ce02f89223364a1040267ddd5e7cd4178a
c=47efcee17104,e1WM_JEmP-Q,holdout,1014.36,1030.64,,,v14-lineage-v1,adca5949309dff15956da4fe9a9238ce02f89223364a1040267ddd5e7cd4178a
c=42d384383812,e1WM_JEmP-Q,holdout,1109.72,1131.92,,,v14-lineage-v1,adca5949309dff15956da4fe9a9238ce02f89223364a1040267ddd5e7cd4178a
c=421b5ac3e5ab,e1WM_JEmP-Q,holdout,1136.44,1184.6,,,v14-lineage-v1,adca5949309dff15956da4fe9a9238ce02f89223364a1040267ddd5e7cd4178a
c=b9005b0e4764,e1WM_JEmP-Q,holdout,1426.52,1469.04,,,v14-lineage-v1,adca5949309dff15956da4fe9a9238ce02f89223364a1040267ddd5e7cd4178a
c=a4ff89a987c7,e1WM_JEmP-Q,holdout,1470.8,1507.44,,,v14-lineage-v1,adca5949309dff15956da4fe9a9238ce02f89223364a1040267ddd5e7cd4178a
c=39c5e091b006,e1WM_JEmP-Q,holdout,1901.88,1932.48,,,v14-lineage-v1,adca5949309dff15956da4fe9a9238ce02f89223364a1040267ddd5e7cd4178a
c=dbf7ac4074cc,e1WM_JEmP-Q,holdout,2153.01,2175.28,,,v14-lineage-v1,adca5949309dff15956da4fe9a9238ce02f89223364a1040267ddd5e7cd4178a
c=fc2488d321a0,e1WM_JEmP-Q,holdout,2221.24,2264.52,,,v14-lineage-v1,adca5949309dff15956da4fe9a9238ce02f89223364a1040267ddd5e7cd4178a
c=285e3707aae1,e1WM_JEmP-Q,holdout,2399.12,2463.52,,,v14-lineage-v1,adca5949309dff15956da4fe9a9238ce02f89223364a1040267ddd5e7cd4178a
c=390b2148100b,e1WM_JEmP-Q,holdout,2512.2,2559.48,,,v14-lineage-v1,adca5949309dff15956da4fe9a9238ce02f89223364a1040267ddd5e7cd4178a
c=cbe086641b95,e1WM_JEmP-Q,holdout,2970.84,3020.2,,,v14-lineage-v1,adca5949309dff15956da4fe9a9238ce02f89223364a1040267ddd5e7cd4178a
c=9f05b121be6f,e1WM_JEmP-Q,holdout,3068.68,3109.76,,,v14-lineage-v1,adca5949309dff15956da4fe9a9238ce02f89223364a1040267ddd5e7cd4178a
c=a55286096e31,e1WM_JEmP-Q,holdout,3115.36,3191.56,,,v14-lineage-v1,adca5949309dff15956da4fe9a9238ce02f89223364a1040267ddd5e7cd4178a
c=c0eb53ccbf1e,e1WM_JEmP-Q,holdout,3189.64,3209.84,,,v14-lineage-v1,adca5949309dff15956da4fe9a9238ce02f89223364a1040267ddd5e7cd4178a
c=0c0ca0d69587,e1WM_JEmP-Q,holdout,3217.76,3242,,,v14-lineage-v1,adca5949309dff15956da4fe9a9238ce02f89223364a1040267ddd5e7cd4178a
c=43ec3a12eabd,e1WM_JEmP-Q,holdout,3288.16,3350.96,,,v14-lineage-v1,adca5949309dff15956da4fe9a9238ce02f89223364a1040267ddd5e7cd4178a
c=62238cbfe0bf,e1WM_JEmP-Q,holdout,3393.56,3434.92,,,v14-lineage-v1,adca5949309dff15956da4fe9a9238ce02f89223364a1040267ddd5e7cd4178a
c=da73f2596879,e1WM_JEmP-Q,holdout,3472.64,3517.68,,,v14-lineage-v1,adca5949309dff15956da4fe9a9238ce02f89223364a1040267ddd5e7cd4178a
c=fe9b701c408b,e1WM_JEmP-Q,holdout,3528.04,3546.32,,,v14-lineage-v1,adca5949309dff15956da4fe9a9238ce02f89223364a1040267ddd5e7cd4178a
c=5a61533d062c,e1WM_JEmP-Q,holdout,3543.8,3592.92,,,v14-lineage-v1,adca5949309dff15956da4fe9a9238ce02f89223364a1040267ddd5e7cd4178a
c=cb5289e61f1e,e1WM_JEmP-Q,holdout,3710.4,3736.16,,,v14-lineage-v1,adca5949309dff15956da4fe9a9238ce02f89223364a1040267ddd5e7cd4178a
c=b5d25348103b,e1WM_JEmP-Q,holdout,3806.56,3847.08,,,v14-lineage-v1,adca5949309dff15956da4fe9a9238ce02f89223364a1040267ddd5e7cd4178a
c=9acac59436a6,e1WM_JEmP-Q,holdout,3845.4,3892.44,,,v14-lineage-v1,adca5949309dff15956da4fe9a9238ce02f89223364a1040267ddd5e7cd4178a
c=3ac0b8e7746b,e1WM_JEmP-Q,holdout,3918.44,3966.6,,,v14-lineage-v1,adca5949309dff15956da4fe9a9238ce02f89223364a1040267ddd5e7cd4178a
c=e3a3f1486f21,e1WM_JEmP-Q,holdout,3989,4044.6,,,v14-lineage-v1,adca5949309dff15956da4fe9a9238ce02f89223364a1040267ddd5e7cd4178a
c=507a248f90bb,e1WM_JEmP-Q,holdout,4061.16,4100.2,,,v14-lineage-v1,adca5949309dff15956da4fe9a9238ce02f89223364a1040267ddd5e7cd4178a
c=3375263c69f5,e1WM_JEmP-Q,holdout,4111.52,4155.56,,,v14-lineage-v1,adca5949309dff15956da4fe9a9238ce02f89223364a1040267ddd5e7cd4178a
c=2166f3484838,e1WM_JEmP-Q,holdout,4159.2,4187.44,,,v14-lineage-v1,adca5949309dff15956da4fe9a9238ce02f89223364a1040267ddd5e7cd4178a
c=f07d0ecbdc9f,hb7Oqrj3F3k,holdout,3.08,23.64,3.08,22.92,v14-lineage-v1,9967772447c170d7f5a29ad1378ba82b267f382e8562dc57d978e8e961f39eef
c=8e25238a0e07,hb7Oqrj3F3k,holdout,48.2,67.2,,,v14-lineage-v1,9967772447c170d7f5a29ad1378ba82b267f382e8562dc57d978e8e961f39eef
c=918000f1b9f2,hb7Oqrj3F3k,holdout,74.68,127.28,,,v14-lineage-v1,9967772447c170d7f5a29ad1378ba82b267f382e8562dc57d978e8e961f39eef
c=8824a0c3a18f,hb7Oqrj3F3k,holdout,153.96,200.4,,,v14-lineage-v1,9967772447c170d7f5a29ad1378ba82b267f382e8562dc57d978e8e961f39eef
c=9b40dd8e97ea,hb7Oqrj3F3k,holdout,214,286,,,v14-lineage-v1,9967772447c170d7f5a29ad1378ba82b267f382e8562dc57d978e8e961f39eef
c=57811eb75add,hb7Oqrj3F3k,holdout,430.8,478.72,,,v14-lineage-v1,9967772447c170d7f5a29ad1378ba82b267f382e8562dc57d978e8e961f39eef
c=293b9b02dca0,hb7Oqrj3F3k,holdout,592.28,619.32,,,v14-lineage-v1,9967772447c170d7f5a29ad1378ba82b267f382e8562dc57d978e8e961f39eef
c=cf921f1c90c0,hb7Oqrj3F3k,holdout,814.88,862.44,,,v14-lineage-v1,9967772447c170d7f5a29ad1378ba82b267f382e8562dc57d978e8e961f39eef
c=604453b4f6bb,hb7Oqrj3F3k,holdout,1002.72,1029.68,,,v14-lineage-v1,9967772447c170d7f5a29ad1378ba82b267f382e8562dc57d978e8e961f39eef
c=ff5968c86811,hb7Oqrj3F3k,holdout,1085.36,1103.08,,,v14-lineage-v1,9967772447c170d7f5a29ad1378ba82b267f382e8562dc57d978e8e961f39eef
c=1cb6cba5e576,hb7Oqrj3F3k,holdout,1122.88,1171.04,,,v14-lineage-v1,9967772447c170d7f5a29ad1378ba82b267f382e8562dc57d978e8e961f39eef
c=1a0adeec172d,hb7Oqrj3F3k,holdout,1322.88,1368.44,,,v14-lineage-v1,9967772447c170d7f5a29ad1378ba82b267f382e8562dc57d978e8e961f39eef
c=881219e195ff,hb7Oqrj3F3k,holdout,1400.16,1448,,,v14-lineage-v1,9967772447c170d7f5a29ad1378ba82b267f382e8562dc57d978e8e961f39eef
c=417a9ce3c85c,hb7Oqrj3F3k,holdout,1464.88,1507.24,,,v14-lineage-v1,9967772447c170d7f5a29ad1378ba82b267f382e8562dc57d978e8e961f39eef
c=f8a02e469277,hb7Oqrj3F3k,holdout,1555.28,1618.72,,,v14-lineage-v1,9967772447c170d7f5a29ad1378ba82b267f382e8562dc57d978e8e961f39eef
c=e73691df6263,hb7Oqrj3F3k,holdout,1677.16,1710.52,,,v14-lineage-v1,9967772447c170d7f5a29ad1378ba82b267f382e8562dc57d978e8e961f39eef
c=355c0fe72e4d,hb7Oqrj3F3k,holdout,1775.84,1820.84,,,v14-lineage-v1,9967772447c170d7f5a29ad1378ba82b267f382e8562dc57d978e8e961f39eef
c=baf1fdef6dbd,hb7Oqrj3F3k,holdout,1894.28,1947.28,,,v14-lineage-v1,9967772447c170d7f5a29ad1378ba82b267f382e8562dc57d978e8e961f39eef
c=12563f293f8a,hb7Oqrj3F3k,holdout,1973.64,1999.68,,,v14-lineage-v1,9967772447c170d7f5a29ad1378ba82b267f382e8562dc57d978e8e961f39eef
c=779439de875d,hb7Oqrj3F3k,holdout,2042.6,2111.32,,,v14-lineage-v1,9967772447c170d7f5a29ad1378ba82b267f382e8562dc57d978e8e961f39eef
c=fa182511057b,hb7Oqrj3F3k,holdout,2109.24,2169.4,,,v14-lineage-v1,9967772447c170d7f5a29ad1378ba82b267f382e8562dc57d978e8e961f39eef
c=c6a3ed911b56,hb7Oqrj3F3k,holdout,2206.04,2285.4,,,v14-lineage-v1,9967772447c170d7f5a29ad1378ba82b267f382e8562dc57d978e8e961f39eef
c=e9ec9a6d17bf,hb7Oqrj3F3k,holdout,2473.52,2529.04,,,v14-lineage-v1,9967772447c170d7f5a29ad1378ba82b267f382e8562dc57d978e8e961f39eef
c=e1e3040f6a69,hb7Oqrj3F3k,holdout,2543.4,2592,,,v14-lineage-v1,9967772447c170d7f5a29ad1378ba82b267f382e8562dc57d978e8e961f39eef
c=bac006cb4711,hb7Oqrj3F3k,holdout,2625.36,2706.68,,,v14-lineage-v1,9967772447c170d7f5a29ad1378ba82b267f382e8562dc57d978e8e961f39eef
c=790ee54b0a67,hb7Oqrj3F3k,holdout,2736.12,2805.68,,,v14-lineage-v1,9967772447c170d7f5a29ad1378ba82b267f382e8562dc57d978e8e961f39eef
c=667ff5b7fcb3,hb7Oqrj3F3k,holdout,2839.44,2927.64,,,v14-lineage-v1,9967772447c170d7f5a29ad1378ba82b267f382e8562dc57d978e8e961f39eef
c=7b75236017fd,hb7Oqrj3F3k,holdout,3061.16,3142.52,,,v14-lineage-v1,9967772447c170d7f5a29ad1378ba82b267f382e8562dc57d978e8e961f39eef
c=2c723cb21d6b,hb7Oqrj3F3k,holdout,3148.92,3197.6,,,v14-lineage-v1,9967772447c170d7f5a29ad1378ba82b267f382e8562dc57d978e8e961f39eef
c=da649102f023,hb7Oqrj3F3k,holdout,3315.2,3340.44,,,v14-lineage-v1,9967772447c170d7f5a29ad1378ba82b267f382e8562dc57d978e8e961f39eef
c=6ba2018a60b0,hb7Oqrj3F3k,holdout,3367.88,3442.4,,,v14-lineage-v1,9967772447c170d7f5a29ad1378ba82b267f382e8562dc57d978e8e961f39eef
c=38309a8e691e,hb7Oqrj3F3k,holdout,3452.72,3468.84,3452.72,3467.92,v14-lineage-v1,9967772447c170d7f5a29ad1378ba82b267f382e8562dc57d978e8e961f39eef
c=9839d01c956d,hb7Oqrj3F3k,holdout,3468.12,3537.32,,,v14-lineage-v1,9967772447c170d7f5a29ad1378ba82b267f382e8562dc57d978e8e961f39eef
c=86af15ffdb4c,hb7Oqrj3F3k,holdout,3546.28,3593.08,,,v14-lineage-v1,9967772447c170d7f5a29ad1378ba82b267f382e8562dc57d978e8e961f39eef
c=228523d9c05b,hb7Oqrj3F3k,holdout,3592.8,3674.36,,,v14-lineage-v1,9967772447c170d7f5a29ad1378ba82b267f382e8562dc57d978e8e961f39eef
c=ed627329854d,hb7Oqrj3F3k,holdout,3695.72,3732.32,,,v14-lineage-v1,9967772447c170d7f5a29ad1378ba82b267f382e8562dc57d978e8e961f39eef
c=a0023917d9d5,hb7Oqrj3F3k,holdout,3743.04,3793.32,,,v14-lineage-v1,9967772447c170d7f5a29ad1378ba82b267f382e8562dc57d978e8e961f39eef
c=67a6a404b30c,hb7Oqrj3F3k,holdout,3836.24,3899.12,,,v14-lineage-v1,9967772447c170d7f5a29ad1378ba82b267f382e8562dc57d978e8e961f39eef
c=768932c28441,hb7Oqrj3F3k,holdout,3897.36,3938.16,,,v14-lineage-v1,9967772447c170d7f5a29ad1378ba82b267f382e8562dc57d978e8e961f39eef
c=f59a8afad60a,hb7Oqrj3F3k,holdout,3950.32,3979.52,,,v14-lineage-v1,9967772447c170d7f5a29ad1378ba82b267f382e8562dc57d978e8e961f39eef
c=c8cd731b1924,vs6x8VUGXCw,calibration,54.24,142.64,,,v14-lineage-v1,967c1d702177013d367d878652b0c053b160475e57cd20ee3a78c9c8bc0fa067
c=42d635384958,vs6x8VUGXCw,calibration,192.48,221.12,,,v14-lineage-v1,967c1d702177013d367d878652b0c053b160475e57cd20ee3a78c9c8bc0fa067
c=dd50b24fdd19,vs6x8VUGXCw,calibration,321.12,369.12,,,v14-lineage-v1,967c1d702177013d367d878652b0c053b160475e57cd20ee3a78c9c8bc0fa067
c=6d69e26a54d4,vs6x8VUGXCw,calibration,382.32,428.64,,,v14-lineage-v1,967c1d702177013d367d878652b0c053b160475e57cd20ee3a78c9c8bc0fa067
c=8aced23b4e66,vs6x8VUGXCw,calibration,477.28,540.48,,,v14-lineage-v1,967c1d702177013d367d878652b0c053b160475e57cd20ee3a78c9c8bc0fa067
c=f932f2803187,vs6x8VUGXCw,calibration,550.24,631.44,,,v14-lineage-v1,967c1d702177013d367d878652b0c053b160475e57cd20ee3a78c9c8bc0fa067
c=581afd9b9b12,vs6x8VUGXCw,calibration,749.44,818.64,,,v14-lineage-v1,967c1d702177013d367d878652b0c053b160475e57cd20ee3a78c9c8bc0fa067
c=e932e163453e,vs6x8VUGXCw,calibration,941.52,1014.24,,,v14-lineage-v1,967c1d702177013d367d878652b0c053b160475e57cd20ee3a78c9c8bc0fa067
c=349087ed8bfb,vs6x8VUGXCw,calibration,1216.08,1275.6,,,v14-lineage-v1,967c1d702177013d367d878652b0c053b160475e57cd20ee3a78c9c8bc0fa067
c=10fceb802d7e,vs6x8VUGXCw,calibration,1292.56,1355.36,,,v14-lineage-v1,967c1d702177013d367d878652b0c053b160475e57cd20ee3a78c9c8bc0fa067
c=bf3aa3783b18,vs6x8VUGXCw,calibration,1876,1931.6,,,v14-lineage-v1,967c1d702177013d367d878652b0c053b160475e57cd20ee3a78c9c8bc0fa067
c=75fa40ae77e0,vs6x8VUGXCw,calibration,2043.76,2087.2,,,v14-lineage-v1,967c1d702177013d367d878652b0c053b160475e57cd20ee3a78c9c8bc0fa067
c=27ad4c267974,vs6x8VUGXCw,calibration,2144.88,2181.36,,,v14-lineage-v1,967c1d702177013d367d878652b0c053b160475e57cd20ee3a78c9c8bc0fa067
c=74db4bef1717,vs6x8VUGXCw,calibration,2338.64,2384.32,,,v14-lineage-v1,967c1d702177013d367d878652b0c053b160475e57cd20ee3a78c9c8bc0fa067
c=9a007779a702,vs6x8VUGXCw,calibration,2630.56,2678,,,v14-lineage-v1,967c1d702177013d367d878652b0c053b160475e57cd20ee3a78c9c8bc0fa067
c=910cc4345aef,vs6x8VUGXCw,calibration,2688.16,2757.36,,,v14-lineage-v1,967c1d702177013d367d878652b0c053b160475e57cd20ee3a78c9c8bc0fa067
c=295979ebdb26,vs6x8VUGXCw,calibration,2807.84,2864.8,,,v14-lineage-v1,967c1d702177013d367d878652b0c053b160475e57cd20ee3a78c9c8bc0fa067
c=64361bf4b27e,vs6x8VUGXCw,calibration,2866.24,2933.92,,,v14-lineage-v1,967c1d702177013d367d878652b0c053b160475e57cd20ee3a78c9c8bc0fa067
c=3c4424551805,vs6x8VUGXCw,calibration,2976,3024.32,,,v14-lineage-v1,967c1d702177013d367d878652b0c053b160475e57cd20ee3a78c9c8bc0fa067
c=1eaba615b4a5,vs6x8VUGXCw,calibration,3147.84,3237.44,,,v14-lineage-v1,967c1d702177013d367d878652b0c053b160475e57cd20ee3a78c9c8bc0fa067
c=424bf001b74d,vs6x8VUGXCw,calibration,3481.44,3510.24,,,v14-lineage-v1,967c1d702177013d367d878652b0c053b160475e57cd20ee3a78c9c8bc0fa067
c=e5b10b9b261e,vs6x8VUGXCw,calibration,3669.28,3742,,,v14-lineage-v1,967c1d702177013d367d878652b0c053b160475e57cd20ee3a78c9c8bc0fa067
c=64683ab0d92e,vs6x8VUGXCw,calibration,3857.28,3905.2,,,v14-lineage-v1,967c1d702177013d367d878652b0c053b160475e57cd20ee3a78c9c8bc0fa067
c=3b8a75600874,vs6x8VUGXCw,calibration,4124.72,4171.36,,,v14-lineage-v1,967c1d702177013d367d878652b0c053b160475e57cd20ee3a78c9c8bc0fa067
c=e55fa678dc8b,vs6x8VUGXCw,calibration,4410.48,4454.72,,,v14-lineage-v1,967c1d702177013d367d878652b0c053b160475e57cd20ee3a78c9c8bc0fa067
c=5a3dd2e0129b,vs6x8VUGXCw,calibration,4450.72,4497.52,,,v14-lineage-v1,967c1d702177013d367d878652b0c053b160475e57cd20ee3a78c9c8bc0fa067
c=cd9e9e1d6552,vs6x8VUGXCw,calibration,4784.72,4829.36,,,v14-lineage-v1,967c1d702177013d367d878652b0c053b160475e57cd20ee3a78c9c8bc0fa067
c=67d812a788aa,vs6x8VUGXCw,calibration,5080.48,5130.96,,,v14-lineage-v1,967c1d702177013d367d878652b0c053b160475e57cd20ee3a78c9c8bc0fa067
c=462a889a5137,vs6x8VUGXCw,calibration,5195.44,5246.72,,,v14-lineage-v1,967c1d702177013d367d878652b0c053b160475e57cd20ee3a78c9c8bc0fa067
c=eec2dcd2190e,vs6x8VUGXCw,calibration,5267.36,5312.56,,,v14-lineage-v1,967c1d702177013d367d878652b0c053b160475e57cd20ee3a78c9c8bc0fa067
c=e8b3fe5ed20d,vs6x8VUGXCw,calibration,5453.44,5502.96,,,v14-lineage-v1,967c1d702177013d367d878652b0c053b160475e57cd20ee3a78c9c8bc0fa067
c=53cad791d9b6,vs6x8VUGXCw,calibration,5685.52,5728.88,,,v14-lineage-v1,967c1d702177013d367d878652b0c053b160475e57cd20ee3a78c9c8bc0fa067
c=38b3ff060d19,vs6x8VUGXCw,calibration,5904.8,5972.32,,,v14-lineage-v1,967c1d702177013d367d878652b0c053b160475e57cd20ee3a78c9c8bc0fa067
c=0ef2270deef0,vs6x8VUGXCw,calibration,6045.04,6100.96,,,v14-lineage-v1,967c1d702177013d367d878652b0c053b160475e57cd20ee3a78c9c8bc0fa067
c=09b4cdf9d432,vs6x8VUGXCw,calibration,6318.08,6365.6,,,v14-lineage-v1,967c1d702177013d367d878652b0c053b160475e57cd20ee3a78c9c8bc0fa067
c=3a5bb006e3f4,vs6x8VUGXCw,calibration,6555.68,6620,,,v14-lineage-v1,967c1d702177013d367d878652b0c053b160475e57cd20ee3a78c9c8bc0fa067
c=da12fead9624,vs6x8VUGXCw,calibration,6668.64,6741.44,,,v14-lineage-v1,967c1d702177013d367d878652b0c053b160475e57cd20ee3a78c9c8bc0fa067
c=ab244e1f7fb9,vs6x8VUGXCw,calibration,6823.6,6870.48,,,v14-lineage-v1,967c1d702177013d367d878652b0c053b160475e57cd20ee3a78c9c8bc0fa067
c=8fb5d1aacb96,vs6x8VUGXCw,calibration,6904.96,6970.56,,,v14-lineage-v1,967c1d702177013d367d878652b0c053b160475e57cd20ee3a78c9c8bc0fa067
c=c800e4d5a1ea,vs6x8VUGXCw,calibration,7377.92,7430.24,,,v14-lineage-v1,967c1d702177013d367d878652b0c053b160475e57cd20ee3a78c9c8bc0fa067
