candidate_id,episode_id,variant_id,component,delta,note,final_score
"c=a7a306c4bd0a","I6wCuvvaRPI","E3","start_gate",,"hard rejected at start",
"c=d365924484e8","I6wCuvvaRPI","E3","start_gate",,"hard rejected at start",
"c=e3b05929187f","I6wCuvvaRPI","E3","start_gate",,"hard rejected at start",
"c=ce939719d2fd","I6wCuvvaRPI","E3","start_gate",,"hard rejected at start",
"c=93b1dc5b6f8a","I6wCuvvaRPI","E3","start_gate",,"hard rejected at start",
"c=7a1ce6c95344","I6wCuvvaRPI","E3","start_gate",,"hard rejected at start",
"c=403d1296c942","I6wCuvvaRPI","E3","start_gate",,"hard rejected at start",
"c=b753ad6d4b26","I6wCuvvaRPI","E3","start_gate",,"hard rejected at start",
"c=e8c43f9a54d5","I6wCuvvaRPI","E3","start_gate",,"hard rejected at start",
"c=8e31a1c1d024","I6wCuvvaRPI","E3","start_gate",,"hard rejected at start",
"c=2e8da3d82d3c","I6wCuvvaRPI","E3","start_gate",,"hard rejected at start",
"c=4e296bf93469","I6wCuvvaRPI","E3","start_gate",,"hard rejected at start",
"c=88fa00fefcba","I6wCuvvaRPI","E3","start_gate",,"hard rejected at start",
"c=0c6b94e30513","I6wCuvvaRPI","E3","start_gate",,"hard rejected at start",
"c=e61592727e1a","I6wCuvvaRPI","E3","start_gate",,"hard rejected at start",
"c=a75cb8b701a4","I6wCuvvaRPI","E3","start_gate",,"hard rejected at start",
"c=76192a8ce81e","I6wCuvvaRPI","E3","start_gate",,"hard rejected at start",
"c=96ea8019f1d5","I6wCuvvaRPI","E3","start_gate",,"hard rejected at start",
"c=9e121d6b7221","I6wCuvvaRPI","E3","dim.hook","55","heuristic dimension","78"
"c=9e121d6b7221","I6wCuvvaRPI","E3","dim.curiosity","83","heuristic dimension","78"
"c=9e121d6b7221","I6wCuvvaRPI","E3","dim.emotion","100","heuristic dimension","78"
"c=9e121d6b7221","I6wCuvvaRPI","E3","dim.storytelling","42","heuristic dimension","78"
"c=9e121d6b7221","I6wCuvvaRPI","E3","dim.standalone","70","heuristic dimension","78"
"c=9e121d6b7221","I6wCuvvaRPI","E3","dim.shareability","48","heuristic dimension","78"
"c=9e121d6b7221","I6wCuvvaRPI","E3","dim.clarity","74","heuristic dimension","78"
"c=9e121d6b7221","I6wCuvvaRPI","E3","dim.controversy","30","heuristic dimension","78"
"c=9e121d6b7221","I6wCuvvaRPI","E3","dim.teachingValue","46","heuristic dimension","78"
"c=9e121d6b7221","I6wCuvvaRPI","E3","dim.entertainment","59","heuristic dimension","78"
"c=9e121d6b7221","I6wCuvvaRPI","E3","base_score","80.3","0.55*drivers + 0.45*gates","78"
"c=9e121d6b7221","I6wCuvvaRPI","E3","duration_multiplier","1","piecewise duration curve","78"
"c=9e121d6b7221","I6wCuvvaRPI","E3","ending_uncertainty","-2","bounded soft penalty (COMPLETE)","78"
"c=d178fe0790ad","I6wCuvvaRPI","E3","start_gate",,"hard rejected at start",
"c=04ee0256d13f","I6wCuvvaRPI","E3","start_gate",,"hard rejected at start",
"c=e330315241e4","I6wCuvvaRPI","E3","start_gate",,"hard rejected at start",
"c=ee7c381be8ab","I6wCuvvaRPI","E3","dim.hook","20","heuristic dimension","65"
"c=ee7c381be8ab","I6wCuvvaRPI","E3","dim.curiosity","54","heuristic dimension","65"
"c=ee7c381be8ab","I6wCuvvaRPI","E3","dim.emotion","60","heuristic dimension","65"
"c=ee7c381be8ab","I6wCuvvaRPI","E3","dim.storytelling","84","heuristic dimension","65"
"c=ee7c381be8ab","I6wCuvvaRPI","E3","dim.standalone","86","heuristic dimension","65"
"c=ee7c381be8ab","I6wCuvvaRPI","E3","dim.shareability","54","heuristic dimension","65"
"c=ee7c381be8ab","I6wCuvvaRPI","E3","dim.clarity","71","heuristic dimension","65"
"c=ee7c381be8ab","I6wCuvvaRPI","E3","dim.controversy","30","heuristic dimension","65"
"c=ee7c381be8ab","I6wCuvvaRPI","E3","dim.teachingValue","46","heuristic dimension","65"
"c=ee7c381be8ab","I6wCuvvaRPI","E3","dim.entertainment","40","heuristic dimension","65"
"c=ee7c381be8ab","I6wCuvvaRPI","E3","base_score","67.4","0.55*drivers + 0.45*gates","65"
"c=ee7c381be8ab","I6wCuvvaRPI","E3","duration_multiplier","0.994","piecewise duration curve","65"
"c=ee7c381be8ab","I6wCuvvaRPI","E3","ending_uncertainty","-2","bounded soft penalty (COMPLETE)","65"
"c=ece1e800fa4f","I6wCuvvaRPI","E3","start_gate",,"hard rejected at start",
"c=6b38799aa57a","I6wCuvvaRPI","E3","start_gate",,"hard rejected at start",
"c=af040325416f","I6wCuvvaRPI","E3","start_gate",,"hard rejected at start",
"c=d221a831ff98","I6wCuvvaRPI","E3","start_gate",,"hard rejected at start",
"c=f9a010a766c0","I6wCuvvaRPI","E3","start_gate",,"hard rejected at start",
"c=1b9ff32f697c","I6wCuvvaRPI","E3","start_gate",,"hard rejected at start",
"c=61af689ce18e","I6wCuvvaRPI","E3","start_gate",,"hard rejected at start",
"c=604b0e1e55b3","I6wCuvvaRPI","E3","start_gate",,"hard rejected at start",
"c=bfd6914a0bba","I6wCuvvaRPI","E3","start_gate",,"hard rejected at start",
"c=e293b5a7b8de","I6wCuvvaRPI","E3","start_gate",,"hard rejected at start",
"c=0159d2fa546a","I6wCuvvaRPI","E3","start_gate",,"hard rejected at start",
"c=74d78c93d5fa","I6wCuvvaRPI","E3","start_gate",,"hard rejected at start",
"c=85137df55867","I6wCuvvaRPI","E3","start_gate",,"hard rejected at start",
"c=b558e0c55c77","I6wCuvvaRPI","E3","start_gate",,"hard rejected at start",
"c=bf2f10565902","I6wCuvvaRPI","E3","start_gate",,"hard rejected at start",
"c=2a736ae0a24d","I6wCuvvaRPI","E3","start_gate",,"hard rejected at start",
"c=4ed36065fce2","GOqEl4ADyVk","E3","start_gate",,"hard rejected at start",
"c=142081bda5dd","GOqEl4ADyVk","E3","start_gate",,"hard rejected at start",
"c=55e0c0081114","GOqEl4ADyVk","E3","start_gate",,"hard rejected at start",
"c=c87b619e7633","GOqEl4ADyVk","E3","start_gate",,"hard rejected at start",
"c=aff04c395564","GOqEl4ADyVk","E3","start_gate",,"hard rejected at start",
"c=814fe10f8eec","GOqEl4ADyVk","E3","start_gate",,"hard rejected at start",
"c=6a8b73599c4a","GOqEl4ADyVk","E3","start_gate",,"hard rejected at start",
"c=c463cf20cb6f","GOqEl4ADyVk","E3","start_gate",,"hard rejected at start",
"c=863e40f6ff3c","GOqEl4ADyVk","E3","start_gate",,"hard rejected at start",
"c=89f5f2623db5","GOqEl4ADyVk","E3","start_gate",,"hard rejected at start",
"c=60ffcb2236cf","GOqEl4ADyVk","E3","start_gate",,"hard rejected at start",
"c=249972abe948","GOqEl4ADyVk","E3","start_gate",,"hard rejected at start",
"c=9ee1e4c7428c","GOqEl4ADyVk","E3","start_gate",,"hard rejected at start",
"c=9c6976be5cda","GOqEl4ADyVk","E3","start_gate",,"hard rejected at start",
"c=cf73aca0269d","GOqEl4ADyVk","E3","start_gate",,"hard rejected at start",
"c=25019c795a66","GOqEl4ADyVk","E3","start_gate",,"hard rejected at start",
"c=937ad36c16ad","GOqEl4ADyVk","E3","start_gate",,"hard rejected at start",
"c=f036b224755b","GOqEl4ADyVk","E3","dim.hook","33","heuristic dimension","65"
"c=f036b224755b","GOqEl4ADyVk","E3","dim.curiosity","81","heuristic dimension","65"
"c=f036b224755b","GOqEl4ADyVk","E3","dim.emotion","84","heuristic dimension","65"
"c=f036b224755b","GOqEl4ADyVk","E3","dim.storytelling","75","heuristic dimension","65"
"c=f036b224755b","GOqEl4ADyVk","E3","dim.standalone","70","heuristic dimension","65"
"c=f036b224755b","GOqEl4ADyVk","E3","dim.shareability","54","heuristic dimension","65"
"c=f036b224755b","GOqEl4ADyVk","E3","dim.clarity","73","heuristic dimension","65"
"c=f036b224755b","GOqEl4ADyVk","E3","dim.controversy","30","heuristic dimension","65"
"c=f036b224755b","GOqEl4ADyVk","E3","dim.teachingValue","46","heuristic dimension","65"
"c=f036b224755b","GOqEl4ADyVk","E3","dim.entertainment","40","heuristic dimension","65"
"c=f036b224755b","GOqEl4ADyVk","E3","base_score","72.3","0.55*drivers + 0.45*gates","65"
"c=f036b224755b","GOqEl4ADyVk","E3","duration_multiplier","0.923","piecewise duration curve","65"
"c=f036b224755b","GOqEl4ADyVk","E3","ending_uncertainty","-2","bounded soft penalty (COMPLETE)","65"
"c=858a8a6ecf9e","GOqEl4ADyVk","E3","start_gate",,"hard rejected at start",
"c=04cb286eea2a","GOqEl4ADyVk","E3","start_gate",,"hard rejected at start",
"c=accb7b3fcd00","GOqEl4ADyVk","E3","start_gate",,"hard rejected at start",
"c=cb7c24e086da","GOqEl4ADyVk","E3","start_gate",,"hard rejected at start",
"c=20397136965a","GOqEl4ADyVk","E3","start_gate",,"hard rejected at start",
"c=f4f0d296e652","GOqEl4ADyVk","E3","start_gate",,"hard rejected at start",
"c=3de6906bccbc","GOqEl4ADyVk","E3","start_gate",,"hard rejected at start",
"c=821d405b9509","GOqEl4ADyVk","E3","start_gate",,"hard rejected at start",
"c=485597b1210b","GOqEl4ADyVk","E3","start_gate",,"hard rejected at start",
"c=9d26b621a34f","GOqEl4ADyVk","E3","start_gate",,"hard rejected at start",
"c=538936b2e616","GOqEl4ADyVk","E3","start_gate",,"hard rejected at start",
"c=76610baaa229","GOqEl4ADyVk","E3","start_gate",,"hard rejected at start",
"c=3dc8dcadbf82","GOqEl4ADyVk","E3","start_gate",,"hard rejected at start",
"c=4581b681c518","GOqEl4ADyVk","E3","start_gate",,"hard rejected at start",
"c=48144e00ee76","GOqEl4ADyVk","E3","start_gate",,"hard rejected at start",
"c=fbd1bc763d4a","GOqEl4ADyVk","E3","start_gate",,"hard rejected at start",
"c=503330aaac70","GOqEl4ADyVk","E3","start_gate",,"hard rejected at start",
"c=9e2f4ad5335b","GOqEl4ADyVk","E3","start_gate",,"hard rejected at start",
"c=fb53d482602c","GOqEl4ADyVk","E3","dim.hook","79","heuristic dimension","78"
"c=fb53d482602c","GOqEl4ADyVk","E3","dim.curiosity","54","heuristic dimension","78"
"c=fb53d482602c","GOqEl4ADyVk","E3","dim.emotion","93","heuristic dimension","78"
"c=fb53d482602c","GOqEl4ADyVk","E3","dim.storytelling","84","heuristic dimension","78"
"c=fb53d482602c","GOqEl4ADyVk","E3","dim.standalone","86","heuristic dimension","78"
"c=fb53d482602c","GOqEl4ADyVk","E3","dim.shareability","48","heuristic dimension","78"
"c=fb53d482602c","GOqEl4ADyVk","E3","dim.clarity","48","heuristic dimension","78"
"c=fb53d482602c","GOqEl4ADyVk","E3","dim.controversy","30","heuristic dimension","78"
"c=fb53d482602c","GOqEl4ADyVk","E3","dim.teachingValue","61","heuristic dimension","78"
"c=fb53d482602c","GOqEl4ADyVk","E3","dim.entertainment","59","heuristic dimension","78"
"c=fb53d482602c","GOqEl4ADyVk","E3","base_score","81.3","0.55*drivers + 0.45*gates","78"
"c=fb53d482602c","GOqEl4ADyVk","E3","duration_multiplier","0.987","piecewise duration curve","78"
"c=fb53d482602c","GOqEl4ADyVk","E3","ending_uncertainty","-2","bounded soft penalty (COMPLETE)","78"
"c=fc04f4dddf56","GOqEl4ADyVk","E3","start_gate",,"hard rejected at start",
"c=74f265367eae","2HLGcRpw1hc","E3","dim.hook","33","heuristic dimension","57"
"c=74f265367eae","2HLGcRpw1hc","E3","dim.curiosity","56","heuristic dimension","57"
"c=74f265367eae","2HLGcRpw1hc","E3","dim.emotion","75","heuristic dimension","57"
"c=74f265367eae","2HLGcRpw1hc","E3","dim.storytelling","58","heuristic dimension","57"
"c=74f265367eae","2HLGcRpw1hc","E3","dim.standalone","66","heuristic dimension","57"
"c=74f265367eae","2HLGcRpw1hc","E3","dim.shareability","48","heuristic dimension","57"
"c=74f265367eae","2HLGcRpw1hc","E3","dim.clarity","64","heuristic dimension","57"
"c=74f265367eae","2HLGcRpw1hc","E3","dim.controversy","30","heuristic dimension","57"
"c=74f265367eae","2HLGcRpw1hc","E3","dim.teachingValue","46","heuristic dimension","57"
"c=74f265367eae","2HLGcRpw1hc","E3","dim.entertainment","59","heuristic dimension","57"
"c=74f265367eae","2HLGcRpw1hc","E3","base_score","61.8","0.55*drivers + 0.45*gates","57"
"c=74f265367eae","2HLGcRpw1hc","E3","duration_multiplier","0.99","piecewise duration curve","57"
"c=74f265367eae","2HLGcRpw1hc","E3","ending_uncertainty","-4","bounded soft penalty (UNKNOWN)","57"
"c=28f669e06042","2HLGcRpw1hc","E3","start_gate",,"hard rejected at start",
"c=307b36cbd455","2HLGcRpw1hc","E3","start_gate",,"hard rejected at start",
"c=9291e73da4b7","2HLGcRpw1hc","E3","start_gate",,"hard rejected at start",
"c=b15dabd9174b","2HLGcRpw1hc","E3","start_gate",,"hard rejected at start",
"c=444cbf2983a5","2HLGcRpw1hc","E3","start_gate",,"hard rejected at start",
"c=8fb87e3eee31","2HLGcRpw1hc","E3","start_gate",,"hard rejected at start",
"c=24d31329eab4","2HLGcRpw1hc","E3","start_gate",,"hard rejected at start",
"c=1ee78f21623a","2HLGcRpw1hc","E3","start_gate",,"hard rejected at start",
"c=94c1d6f70ec3","2HLGcRpw1hc","E3","start_gate",,"hard rejected at start",
"c=a71f49296e03","2HLGcRpw1hc","E3","start_gate",,"hard rejected at start",
"c=4ac046c40e8b","2HLGcRpw1hc","E3","start_gate",,"hard rejected at start",
"c=e7e3a7f65253","2HLGcRpw1hc","E3","start_gate",,"hard rejected at start",
"c=325250eefc6d","2HLGcRpw1hc","E3","start_gate",,"hard rejected at start",
"c=bb6c25c3cc97","2HLGcRpw1hc","E3","start_gate",,"hard rejected at start",
"c=714e622ee615","2HLGcRpw1hc","E3","start_gate",,"hard rejected at start",
"c=09f3d0ec2e77","2HLGcRpw1hc","E3","start_gate",,"hard rejected at start",
"c=ff1425ba1aab","2HLGcRpw1hc","E3","start_gate",,"hard rejected at start",
"c=7170e0ea5e66","2HLGcRpw1hc","E3","start_gate",,"hard rejected at start",
"c=7d4430531900","2HLGcRpw1hc","E3","start_gate",,"hard rejected at start",
"c=d5a8d94c2768","2HLGcRpw1hc","E3","start_gate",,"hard rejected at start",
"c=63588cb5a4d5","2HLGcRpw1hc","E3","start_gate",,"hard rejected at start",
"c=9a9beca1058c","2HLGcRpw1hc","E3","start_gate",,"hard rejected at start",
"c=691da259af02","2HLGcRpw1hc","E3","start_gate",,"hard rejected at start",
"c=873094e659a8","2HLGcRpw1hc","E3","start_gate",,"hard rejected at start",
"c=ad82ae1cf740","2HLGcRpw1hc","E3","start_gate",,"hard rejected at start",
"c=4e72a74a4aef","2HLGcRpw1hc","E3","start_gate",,"hard rejected at start",
"c=7f0b9ecd2722","2HLGcRpw1hc","E3","start_gate",,"hard rejected at start",
"c=4b4140b215e1","2HLGcRpw1hc","E3","start_gate",,"hard rejected at start",
"c=7fef935268ac","2HLGcRpw1hc","E3","start_gate",,"hard rejected at start",
"c=4802ebe604ca","2HLGcRpw1hc","E3","start_gate",,"hard rejected at start",
"c=6e2a670a1e2b","2HLGcRpw1hc","E3","start_gate",,"hard rejected at start",
"c=1d3f657a5854","2HLGcRpw1hc","E3","start_gate",,"hard rejected at start",
"c=0ddb01423bed","2HLGcRpw1hc","E3","start_gate",,"hard rejected at start",
"c=91a937486ae3","UZ1kCEGjYX0","E3","dim.hook","20","heuristic dimension","53"
"c=91a937486ae3","UZ1kCEGjYX0","E3","dim.curiosity","56","heuristic dimension","53"
"c=91a937486ae3","UZ1kCEGjYX0","E3","dim.emotion","54","heuristic dimension","53"
"c=91a937486ae3","UZ1kCEGjYX0","E3","dim.storytelling","42","heuristic dimension","53"
"c=91a937486ae3","UZ1kCEGjYX0","E3","dim.standalone","86","heuristic dimension","53"
"c=91a937486ae3","UZ1kCEGjYX0","E3","dim.shareability","48","heuristic dimension","53"
"c=91a937486ae3","UZ1kCEGjYX0","E3","dim.clarity","50","heuristic dimension","53"
"c=91a937486ae3","UZ1kCEGjYX0","E3","dim.controversy","49","heuristic dimension","53"
"c=91a937486ae3","UZ1kCEGjYX0","E3","dim.teachingValue","46","heuristic dimension","53"
"c=91a937486ae3","UZ1kCEGjYX0","E3","dim.entertainment","40","heuristic dimension","53"
"c=91a937486ae3","UZ1kCEGjYX0","E3","base_score","55.2","0.55*drivers + 0.45*gates","53"
"c=91a937486ae3","UZ1kCEGjYX0","E3","duration_multiplier","1","piecewise duration curve","53"
"c=91a937486ae3","UZ1kCEGjYX0","E3","ending_uncertainty","-2","bounded soft penalty (COMPLETE)","53"
"c=211771226651","UZ1kCEGjYX0","E3","start_gate",,"hard rejected at start",
"c=407d4ce69d2c","UZ1kCEGjYX0","E3","start_gate",,"hard rejected at start",
"c=6aa93bf835b8","UZ1kCEGjYX0","E3","start_gate",,"hard rejected at start",
"c=e4ed462ee2d0","UZ1kCEGjYX0","E3","start_gate",,"hard rejected at start",
"c=e9ca5e935dbc","UZ1kCEGjYX0","E3","start_gate",,"hard rejected at start",
"c=b0a36c1aa6f7","UZ1kCEGjYX0","E3","start_gate",,"hard rejected at start",
"c=62ab2e18cd84","UZ1kCEGjYX0","E3","start_gate",,"hard rejected at start",
"c=686eb3873232","UZ1kCEGjYX0","E3","start_gate",,"hard rejected at start",
"c=8c340cb61a7d","UZ1kCEGjYX0","E3","start_gate",,"hard rejected at start",
"c=19e3a9aca16c","UZ1kCEGjYX0","E3","start_gate",,"hard rejected at start",
"c=339c47686d73","UZ1kCEGjYX0","E3","start_gate",,"hard rejected at start",
"c=0f341df5a7fd","UZ1kCEGjYX0","E3","start_gate",,"hard rejected at start",
"c=1ffaaadc2d40","UZ1kCEGjYX0","E3","start_gate",,"hard rejected at start",
"c=df3e918b0403","UZ1kCEGjYX0","E3","start_gate",,"hard rejected at start",
"c=88767cded5c8","UZ1kCEGjYX0","E3","dim.hook","20","heuristic dimension","66"
"c=88767cded5c8","UZ1kCEGjYX0","E3","dim.curiosity","76","heuristic dimension","66"
"c=88767cded5c8","UZ1kCEGjYX0","E3","dim.emotion","54","heuristic dimension","66"
"c=88767cded5c8","UZ1kCEGjYX0","E3","dim.storytelling","96","heuristic dimension","66"
"c=88767cded5c8","UZ1kCEGjYX0","E3","dim.standalone","70","heuristic dimension","66"
"c=88767cded5c8","UZ1kCEGjYX0","E3","dim.shareability","72","heuristic dimension","66"
"c=88767cded5c8","UZ1kCEGjYX0","E3","dim.clarity","49","heuristic dimension","66"
"c=88767cded5c8","UZ1kCEGjYX0","E3","dim.controversy","30","heuristic dimension","66"
"c=88767cded5c8","UZ1kCEGjYX0","E3","dim.teachingValue","46","heuristic dimension","66"
"c=88767cded5c8","UZ1kCEGjYX0","E3","dim.entertainment","59","heuristic dimension","66"
"c=88767cded5c8","UZ1kCEGjYX0","E3","base_score","69.2","0.55*drivers + 0.45*gates","66"
"c=88767cded5c8","UZ1kCEGjYX0","E3","duration_multiplier","0.983","piecewise duration curve","66"
"c=88767cded5c8","UZ1kCEGjYX0","E3","ending_uncertainty","-2","bounded soft penalty (COMPLETE)","66"
"c=80e68aabcf35","UZ1kCEGjYX0","E3","start_gate",,"hard rejected at start",
"c=ee8850485cce","UZ1kCEGjYX0","E3","start_gate",,"hard rejected at start",
"c=0cc4b9bf6295","UZ1kCEGjYX0","E3","start_gate",,"hard rejected at start",
"c=f33c9ba2ceab","UZ1kCEGjYX0","E3","start_gate",,"hard rejected at start",
"c=6e2330173a98","UZ1kCEGjYX0","E3","start_gate",,"hard rejected at start",
"c=b61f744789d9","UZ1kCEGjYX0","E3","start_gate",,"hard rejected at start",
"c=e996af8e7116","UZ1kCEGjYX0","E3","start_gate",,"hard rejected at start",
"c=ef1b8926843f","UZ1kCEGjYX0","E3","start_gate",,"hard rejected at start",
"c=2fae9d6556ea","UZ1kCEGjYX0","E3","start_gate",,"hard rejected at start",
"c=17966edf9841","UZ1kCEGjYX0","E3","start_gate",,"hard rejected at start",
"c=9a772ef2b3ca","UZ1kCEGjYX0","E3","start_gate",,"hard rejected at start",
"c=97bb57f1134d","UZ1kCEGjYX0","E3","start_gate",,"hard rejected at start",
"c=1d647afd843c","UZ1kCEGjYX0","E3","start_gate",,"hard rejected at start",
"c=8293a0950af8","UZ1kCEGjYX0","E3","start_gate",,"hard rejected at start",
"c=118e79831011","UZ1kCEGjYX0","E3","start_gate",,"hard rejected at start",
"c=4298428c2062","UZ1kCEGjYX0","E3","start_gate",,"hard rejected at start",
"c=934df5c89124","UZ1kCEGjYX0","E3","start_gate",,"hard rejected at start",
"c=db867b4124ae","UZ1kCEGjYX0","E3","start_gate",,"hard rejected at start",
"c=59d1a5729434","UZ1kCEGjYX0","E3","start_gate",,"hard rejected at start",
"c=abf3ba28a4a0","UZ1kCEGjYX0","E3","start_gate",,"hard rejected at start",
"c=d1aa8efdcce1","UZ1kCEGjYX0","E3","start_gate",,"hard rejected at start",
"c=420db388eb4b","Hb2rKGfIOrM","E3","dim.hook","79","heuristic dimension","66"
"c=420db388eb4b","Hb2rKGfIOrM","E3","dim.curiosity","72","heuristic dimension","66"
"c=420db388eb4b","Hb2rKGfIOrM","E3","dim.emotion","48","heuristic dimension","66"
"c=420db388eb4b","Hb2rKGfIOrM","E3","dim.storytelling","42","heuristic dimension","66"
"c=420db388eb4b","Hb2rKGfIOrM","E3","dim.standalone","70","heuristic dimension","66"
"c=420db388eb4b","Hb2rKGfIOrM","E3","dim.shareability","48","heuristic dimension","66"
"c=420db388eb4b","Hb2rKGfIOrM","E3","dim.clarity","45","heuristic dimension","66"
"c=420db388eb4b","Hb2rKGfIOrM","E3","dim.controversy","30","heuristic dimension","66"
"c=420db388eb4b","Hb2rKGfIOrM","E3","dim.teachingValue","46","heuristic dimension","66"
"c=420db388eb4b","Hb2rKGfIOrM","E3","dim.entertainment","40","heuristic dimension","66"
"c=420db388eb4b","Hb2rKGfIOrM","E3","base_score","70.9","0.55*drivers + 0.45*gates","66"
"c=420db388eb4b","Hb2rKGfIOrM","E3","duration_multiplier","0.925","piecewise duration curve","66"
"c=641d9229f4e8","Hb2rKGfIOrM","E3","start_gate",,"hard rejected at start",
"c=a3109cc0afc5","Hb2rKGfIOrM","E3","start_gate",,"hard rejected at start",
"c=0331d2e45170","Hb2rKGfIOrM","E3","start_gate",,"hard rejected at start",
"c=d1eafe8fd471","Hb2rKGfIOrM","E3","start_gate",,"hard rejected at start",
"c=7ab5199bccef","Hb2rKGfIOrM","E3","start_gate",,"hard rejected at start",
"c=96135d88b859","Hb2rKGfIOrM","E3","start_gate",,"hard rejected at start",
"c=661957b07cac","Hb2rKGfIOrM","E3","start_gate",,"hard rejected at start",
"c=4a5abdaf18ee","Hb2rKGfIOrM","E3","start_gate",,"hard rejected at start",
"c=9844f4aaa141","Hb2rKGfIOrM","E3","start_gate",,"hard rejected at start",
"c=844e021c42a1","Hb2rKGfIOrM","E3","start_gate",,"hard rejected at start",
"c=17754a36d226","Hb2rKGfIOrM","E3","start_gate",,"hard rejected at start",
"c=7be2bb6bbc80","Hb2rKGfIOrM","E3","start_gate",,"hard rejected at start",
"c=c6d1569a55bb","Hb2rKGfIOrM","E3","start_gate",,"hard rejected at start",
"c=181a21d55be6","g2cQ2kD6lzs","E3","dim.hook","33","heuristic dimension","65"
"c=181a21d55be6","g2cQ2kD6lzs","E3","dim.curiosity","64","heuristic dimension","65"
"c=181a21d55be6","g2cQ2kD6lzs","E3","dim.emotion","69","heuristic dimension","65"
"c=181a21d55be6","g2cQ2kD6lzs","E3","dim.storytelling","67","heuristic dimension","65"
"c=181a21d55be6","g2cQ2kD6lzs","E3","dim.standalone","70","heuristic dimension","65"
"c=181a21d55be6","g2cQ2kD6lzs","E3","dim.shareability","48","heuristic dimension","65"
"c=181a21d55be6","g2cQ2kD6lzs","E3","dim.clarity","75","heuristic dimension","65"
"c=181a21d55be6","g2cQ2kD6lzs","E3","dim.controversy","30","heuristic dimension","65"
"c=181a21d55be6","g2cQ2kD6lzs","E3","dim.teachingValue","51","heuristic dimension","65"
"c=181a21d55be6","g2cQ2kD6lzs","E3","dim.entertainment","40","heuristic dimension","65"
"c=181a21d55be6","g2cQ2kD6lzs","E3","base_score","64.6","0.55*drivers + 0.45*gates","65"
"c=181a21d55be6","g2cQ2kD6lzs","E3","duration_multiplier","1","piecewise duration curve","65"
"c=325c3b998344","g2cQ2kD6lzs","E3","start_gate",,"hard rejected at start",
"c=3607586cf74f","g2cQ2kD6lzs","E3","start_gate",,"hard rejected at start",
"c=f52eaf666cb1","g2cQ2kD6lzs","E3","start_gate",,"hard rejected at start",
"c=56ec02aa52d8","g2cQ2kD6lzs","E3","start_gate",,"hard rejected at start",
"c=6ceb32b3834a","g2cQ2kD6lzs","E3","start_gate",,"hard rejected at start",
"c=b0b734b3b5b2","g2cQ2kD6lzs","E3","start_gate",,"hard rejected at start",
"c=cf319752a204","g2cQ2kD6lzs","E3","start_gate",,"hard rejected at start",
"c=3068d327dfa7","g2cQ2kD6lzs","E3","start_gate",,"hard rejected at start",
"c=e783bacc435d","g2cQ2kD6lzs","E3","start_gate",,"hard rejected at start",
"c=6723b7bdf8dc","g2cQ2kD6lzs","E3","start_gate",,"hard rejected at start",
"c=3459e4222cde","g2cQ2kD6lzs","E3","start_gate",,"hard rejected at start",
"c=cfd84744cbe9","g2cQ2kD6lzs","E3","start_gate",,"hard rejected at start",
"c=7701843ac826","g2cQ2kD6lzs","E3","start_gate",,"hard rejected at start",
"c=01cc16e7bdef","g2cQ2kD6lzs","E3","start_gate",,"hard rejected at start",
"c=9bfcef88df7e","g2cQ2kD6lzs","E3","start_gate",,"hard rejected at start",
"c=8de3144cf943","g2cQ2kD6lzs","E3","start_gate",,"hard rejected at start",
"c=cf899a0a5269","g2cQ2kD6lzs","E3","start_gate",,"hard rejected at start",
"c=68f0f52434be","g2cQ2kD6lzs","E3","start_gate",,"hard rejected at start",
"c=fa978ff5ed06","g2cQ2kD6lzs","E3","start_gate",,"hard rejected at start",
"c=229d91405599","g2cQ2kD6lzs","E3","start_gate",,"hard rejected at start",
"c=61196f3a5922","g2cQ2kD6lzs","E3","start_gate",,"hard rejected at start",
"c=d5c53cc0f5ac","g2cQ2kD6lzs","E3","start_gate",,"hard rejected at start",
"c=7a67586b3612","g2cQ2kD6lzs","E3","start_gate",,"hard rejected at start",
"c=f07e6a244da9","Ive926sC6mc","E3","dim.hook","22","heuristic dimension","69"
"c=f07e6a244da9","Ive926sC6mc","E3","dim.curiosity","82","heuristic dimension","69"
"c=f07e6a244da9","Ive926sC6mc","E3","dim.emotion","54","heuristic dimension","69"
"c=f07e6a244da9","Ive926sC6mc","E3","dim.storytelling","88","heuristic dimension","69"
"c=f07e6a244da9","Ive926sC6mc","E3","dim.standalone","46","heuristic dimension","69"
"c=f07e6a244da9","Ive926sC6mc","E3","dim.shareability","48","heuristic dimension","69"
"c=f07e6a244da9","Ive926sC6mc","E3","dim.clarity","84","heuristic dimension","69"
"c=f07e6a244da9","Ive926sC6mc","E3","dim.controversy","30","heuristic dimension","69"
"c=f07e6a244da9","Ive926sC6mc","E3","dim.teachingValue","51","heuristic dimension","69"
"c=f07e6a244da9","Ive926sC6mc","E3","dim.entertainment","59","heuristic dimension","69"
"c=f07e6a244da9","Ive926sC6mc","E3","base_score","69.3","0.55*drivers + 0.45*gates","69"
"c=f07e6a244da9","Ive926sC6mc","E3","duration_multiplier","0.996","piecewise duration curve","69"
"c=004125b3d651","Ive926sC6mc","E3","start_gate",,"hard rejected at start",
"c=3d68f9336412","Ive926sC6mc","E3","start_gate",,"hard rejected at start",
"c=86144e9f6d7c","Ive926sC6mc","E3","start_gate",,"hard rejected at start",
"c=fa4b940ebea8","Ive926sC6mc","E3","start_gate",,"hard rejected at start",
"c=64020c313d04","Ive926sC6mc","E3","start_gate",,"hard rejected at start",
"c=3de206aea8a7","Ive926sC6mc","E3","start_gate",,"hard rejected at start",
"c=df9089cafca9","Ive926sC6mc","E3","start_gate",,"hard rejected at start",
"c=2c2570029319","Ive926sC6mc","E3","dim.hook","42","heuristic dimension","68"
"c=2c2570029319","Ive926sC6mc","E3","dim.curiosity","56","heuristic dimension","68"
"c=2c2570029319","Ive926sC6mc","E3","dim.emotion","66","heuristic dimension","68"
"c=2c2570029319","Ive926sC6mc","E3","dim.storytelling","58","heuristic dimension","68"
"c=2c2570029319","Ive926sC6mc","E3","dim.standalone","86","heuristic dimension","68"
"c=2c2570029319","Ive926sC6mc","E3","dim.shareability","48","heuristic dimension","68"
"c=2c2570029319","Ive926sC6mc","E3","dim.clarity","79","heuristic dimension","68"
"c=2c2570029319","Ive926sC6mc","E3","dim.controversy","49","heuristic dimension","68"
"c=2c2570029319","Ive926sC6mc","E3","dim.teachingValue","66","heuristic dimension","68"
"c=2c2570029319","Ive926sC6mc","E3","dim.entertainment","59","heuristic dimension","68"
"c=2c2570029319","Ive926sC6mc","E3","base_score","68.1","0.55*drivers + 0.45*gates","68"
"c=2c2570029319","Ive926sC6mc","E3","duration_multiplier","0.991","piecewise duration curve","68"
"c=522a46ef783d","Ive926sC6mc","E3","start_gate",,"hard rejected at start",
"c=d08b5d5f0afc","Ive926sC6mc","E3","start_gate",,"hard rejected at start",
"c=badf9c1ab163","Ive926sC6mc","E3","start_gate",,"hard rejected at start",
"c=eefacc554f3b","Ive926sC6mc","E3","start_gate",,"hard rejected at start",
"c=fb3445576f0c","Ive926sC6mc","E3","start_gate",,"hard rejected at start",
"c=f36aee07fbca","Ive926sC6mc","E3","start_gate",,"hard rejected at start",
"c=15bc4db7c71c","Ive926sC6mc","E3","start_gate",,"hard rejected at start",
"c=d20e78763052","Ive926sC6mc","E3","start_gate",,"hard rejected at start",
"c=790da887f28a","Ive926sC6mc","E3","start_gate",,"hard rejected at start",
"c=64904eef664a","Ive926sC6mc","E3","start_gate",,"hard rejected at start",
"c=e227de47511f","Ive926sC6mc","E3","start_gate",,"hard rejected at start",
"c=29afaa193e22","Ive926sC6mc","E3","start_gate",,"hard rejected at start",
"c=3b416b15c9b5","Ive926sC6mc","E3","dim.hook","79","heuristic dimension","80"
"c=3b416b15c9b5","Ive926sC6mc","E3","dim.curiosity","69","heuristic dimension","80"
"c=3b416b15c9b5","Ive926sC6mc","E3","dim.emotion","100","heuristic dimension","80"
"c=3b416b15c9b5","Ive926sC6mc","E3","dim.storytelling","46","heuristic dimension","80"
"c=3b416b15c9b5","Ive926sC6mc","E3","dim.standalone","66","heuristic dimension","80"
"c=3b416b15c9b5","Ive926sC6mc","E3","dim.shareability","48","heuristic dimension","80"
"c=3b416b15c9b5","Ive926sC6mc","E3","dim.clarity","62","heuristic dimension","80"
"c=3b416b15c9b5","Ive926sC6mc","E3","dim.controversy","30","heuristic dimension","80"
"c=3b416b15c9b5","Ive926sC6mc","E3","dim.teachingValue","51","heuristic dimension","80"
"c=3b416b15c9b5","Ive926sC6mc","E3","dim.entertainment","59","heuristic dimension","80"
"c=3b416b15c9b5","Ive926sC6mc","E3","base_score","80.1","0.55*drivers + 0.45*gates","80"
"c=3b416b15c9b5","Ive926sC6mc","E3","duration_multiplier","1","piecewise duration curve","80"
"c=62635bce5e7d","Ive926sC6mc","E3","start_gate",,"hard rejected at start",
"c=9ce745240bd3","Ive926sC6mc","E3","start_gate",,"hard rejected at start",
"c=22249d26020b","Ive926sC6mc","E3","start_gate",,"hard rejected at start",
"c=0715279202c9","Ive926sC6mc","E3","start_gate",,"hard rejected at start",
"c=0eefa9fa69ca","Ive926sC6mc","E3","start_gate",,"hard rejected at start",
"c=732e4ad5f7ef","Ive926sC6mc","E3","start_gate",,"hard rejected at start",
"c=4393357e447d","Ive926sC6mc","E3","start_gate",,"hard rejected at start",
"c=ff14d31e95b7","Ive926sC6mc","E3","start_gate",,"hard rejected at start",
"c=74d58e09e618","Ive926sC6mc","E3","start_gate",,"hard rejected at start",
"c=10c31cb4400e","Ive926sC6mc","E3","start_gate",,"hard rejected at start",
"c=fd3af6fdd140","Ive926sC6mc","E3","start_gate",,"hard rejected at start",
"c=0993798a6756","Ive926sC6mc","E3","start_gate",,"hard rejected at start",
"c=4fbd11552d31","Ive926sC6mc","E3","start_gate",,"hard rejected at start",
"c=3dea3e5457fa","Ive926sC6mc","E3","start_gate",,"hard rejected at start",
"c=4dd5f671a4bf","Ive926sC6mc","E3","start_gate",,"hard rejected at start",
"c=5c8e458608a5","Ive926sC6mc","E3","start_gate",,"hard rejected at start",
"c=39809f08d870","Ive926sC6mc","E3","start_gate",,"hard rejected at start",
"c=b356115ea703","Ive926sC6mc","E3","start_gate",,"hard rejected at start",
"c=efc96b5ff357","3NSC5nps3OM","E3","start_gate",,"hard rejected at start",
"c=0b7365711665","3NSC5nps3OM","E3","start_gate",,"hard rejected at start",
"c=a9454d171520","3NSC5nps3OM","E3","start_gate",,"hard rejected at start",
"c=0a8930d6547d","3NSC5nps3OM","E3","start_gate",,"hard rejected at start",
"c=7ad4c7ea26e1","3NSC5nps3OM","E3","start_gate",,"hard rejected at start",
"c=0ea0eec5861d","3NSC5nps3OM","E3","start_gate",,"hard rejected at start",
"c=bb5e426b24d4","3NSC5nps3OM","E3","start_gate",,"hard rejected at start",
"c=34a26a170074","3NSC5nps3OM","E3","start_gate",,"hard rejected at start",
"c=ed3006ecb613","3NSC5nps3OM","E3","start_gate",,"hard rejected at start",
"c=b0f88c74d568","3NSC5nps3OM","E3","start_gate",,"hard rejected at start",
"c=b93dea14069f","3NSC5nps3OM","E3","start_gate",,"hard rejected at start",
"c=954b13bd8fc5","3NSC5nps3OM","E3","start_gate",,"hard rejected at start",
"c=6e6c50932afe","3NSC5nps3OM","E3","start_gate",,"hard rejected at start",
"c=9e6083fd582d","3NSC5nps3OM","E3","start_gate",,"hard rejected at start",
"c=af2c9767dfc9","3NSC5nps3OM","E3","start_gate",,"hard rejected at start",
"c=d84c8ed84c1d","3NSC5nps3OM","E3","start_gate",,"hard rejected at start",
"c=cc93f78f2560","3NSC5nps3OM","E3","start_gate",,"hard rejected at start",
"c=5344309f5035","3NSC5nps3OM","E3","start_gate",,"hard rejected at start",
"c=89c7ff470ab9","3NSC5nps3OM","E3","start_gate",,"hard rejected at start",
"c=6065a196f512","3NSC5nps3OM","E3","dim.hook","20","heuristic dimension","68"
"c=6065a196f512","3NSC5nps3OM","E3","dim.curiosity","82","heuristic dimension","68"
"c=6065a196f512","3NSC5nps3OM","E3","dim.emotion","94","heuristic dimension","68"
"c=6065a196f512","3NSC5nps3OM","E3","dim.storytelling","84","heuristic dimension","68"
"c=6065a196f512","3NSC5nps3OM","E3","dim.standalone","70","heuristic dimension","68"
"c=6065a196f512","3NSC5nps3OM","E3","dim.shareability","72","heuristic dimension","68"
"c=6065a196f512","3NSC5nps3OM","E3","dim.clarity","57","heuristic dimension","68"
"c=6065a196f512","3NSC5nps3OM","E3","dim.controversy","30","heuristic dimension","68"
"c=6065a196f512","3NSC5nps3OM","E3","dim.teachingValue","51","heuristic dimension","68"
"c=6065a196f512","3NSC5nps3OM","E3","dim.entertainment","59","heuristic dimension","68"
"c=6065a196f512","3NSC5nps3OM","E3","base_score","71.9","0.55*drivers + 0.45*gates","68"
"c=6065a196f512","3NSC5nps3OM","E3","duration_multiplier","0.97","piecewise duration curve","68"
"c=6065a196f512","3NSC5nps3OM","E3","ending_uncertainty","-2","bounded soft penalty (COMPLETE)","68"
"c=1050a749a4ab","3NSC5nps3OM","E3","start_gate",,"hard rejected at start",
"c=30530741cb5d","3NSC5nps3OM","E3","start_gate",,"hard rejected at start",
"c=f88e817e3405","3NSC5nps3OM","E3","start_gate",,"hard rejected at start",
"c=01d19a20f680","3NSC5nps3OM","E3","start_gate",,"hard rejected at start",
"c=bc972bc28ba9","3NSC5nps3OM","E3","start_gate",,"hard rejected at start",
"c=cd6ab088f406","3NSC5nps3OM","E3","dim.hook","42","heuristic dimension","59"
"c=cd6ab088f406","3NSC5nps3OM","E3","dim.curiosity","69","heuristic dimension","59"
"c=cd6ab088f406","3NSC5nps3OM","E3","dim.emotion","50","heuristic dimension","59"
"c=cd6ab088f406","3NSC5nps3OM","E3","dim.storytelling","50","heuristic dimension","59"
"c=cd6ab088f406","3NSC5nps3OM","E3","dim.standalone","66","heuristic dimension","59"
"c=cd6ab088f406","3NSC5nps3OM","E3","dim.shareability","48","heuristic dimension","59"
"c=cd6ab088f406","3NSC5nps3OM","E3","dim.clarity","64","heuristic dimension","59"
"c=cd6ab088f406","3NSC5nps3OM","E3","dim.controversy","49","heuristic dimension","59"
"c=cd6ab088f406","3NSC5nps3OM","E3","dim.teachingValue","46","heuristic dimension","59"
"c=cd6ab088f406","3NSC5nps3OM","E3","dim.entertainment","59","heuristic dimension","59"
"c=cd6ab088f406","3NSC5nps3OM","E3","base_score","61.4","0.55*drivers + 0.45*gates","59"
"c=cd6ab088f406","3NSC5nps3OM","E3","duration_multiplier","0.989","piecewise duration curve","59"
"c=cd6ab088f406","3NSC5nps3OM","E3","ending_uncertainty","-2","bounded soft penalty (COMPLETE)","59"
"c=0b8036e74010","3NSC5nps3OM","E3","start_gate",,"hard rejected at start",
"c=4aadfdb28614","3NSC5nps3OM","E3","start_gate",,"hard rejected at start",
"c=f2b09412b76a","3NSC5nps3OM","E3","start_gate",,"hard rejected at start",
"c=3ec20b4e7bdb","3NSC5nps3OM","E3","start_gate",,"hard rejected at start",
"c=75eefcbb5637","3NSC5nps3OM","E3","start_gate",,"hard rejected at start",
"c=39bc82d281fe","3NSC5nps3OM","E3","start_gate",,"hard rejected at start",
"c=ef880ff1313e","3NSC5nps3OM","E3","start_gate",,"hard rejected at start",
"c=1913d2cef342","3NSC5nps3OM","E3","start_gate",,"hard rejected at start",
"c=12592847e510","3NSC5nps3OM","E3","start_gate",,"hard rejected at start",
"c=61f36afc88b9","3NSC5nps3OM","E3","start_gate",,"hard rejected at start",
"c=c1e4676c7568","3NSC5nps3OM","E3","start_gate",,"hard rejected at start",
"c=8da1ffee2f07","3NSC5nps3OM","E3","start_gate",,"hard rejected at start",
"c=a7c70f811837","3NSC5nps3OM","E3","start_gate",,"hard rejected at start",
"c=62d45d3f4110","3NSC5nps3OM","E3","start_gate",,"hard rejected at start",
"c=c410ad997f6c","376JmatmnaI","E3","dim.hook","38","heuristic dimension","57"
"c=c410ad997f6c","376JmatmnaI","E3","dim.curiosity","46","heuristic dimension","57"
"c=c410ad997f6c","376JmatmnaI","E3","dim.emotion","67","heuristic dimension","57"
"c=c410ad997f6c","376JmatmnaI","E3","dim.storytelling","55","heuristic dimension","57"
"c=c410ad997f6c","376JmatmnaI","E3","dim.standalone","66","heuristic dimension","57"
"c=c410ad997f6c","376JmatmnaI","E3","dim.shareability","48","heuristic dimension","57"
"c=c410ad997f6c","376JmatmnaI","E3","dim.clarity","74","heuristic dimension","57"
"c=c410ad997f6c","376JmatmnaI","E3","dim.controversy","49","heuristic dimension","57"
"c=c410ad997f6c","376JmatmnaI","E3","dim.teachingValue","46","heuristic dimension","57"
"c=c410ad997f6c","376JmatmnaI","E3","dim.entertainment","40","heuristic dimension","57"
"c=c410ad997f6c","376JmatmnaI","E3","base_score","60.6","0.55*drivers + 0.45*gates","57"
"c=c410ad997f6c","376JmatmnaI","E3","duration_multiplier","1","piecewise duration curve","57"
"c=c410ad997f6c","376JmatmnaI","E3","ending_uncertainty","-4","bounded soft penalty (UNKNOWN)","57"
"c=838e8882741c","376JmatmnaI","E3","dim.hook","38","heuristic dimension","53"
"c=838e8882741c","376JmatmnaI","E3","dim.curiosity","46","heuristic dimension","53"
"c=838e8882741c","376JmatmnaI","E3","dim.emotion","67","heuristic dimension","53"
"c=838e8882741c","376JmatmnaI","E3","dim.storytelling","71","heuristic dimension","53"
"c=838e8882741c","376JmatmnaI","E3","dim.standalone","66","heuristic dimension","53"
"c=838e8882741c","376JmatmnaI","E3","dim.shareability","54","heuristic dimension","53"
"c=838e8882741c","376JmatmnaI","E3","dim.clarity","66","heuristic dimension","53"
"c=838e8882741c","376JmatmnaI","E3","dim.controversy","49","heuristic dimension","53"
"c=838e8882741c","376JmatmnaI","E3","dim.teachingValue","46","heuristic dimension","53"
"c=838e8882741c","376JmatmnaI","E3","dim.entertainment","59","heuristic dimension","53"
"c=838e8882741c","376JmatmnaI","E3","base_score","63.9","0.55*drivers + 0.45*gates","53"
"c=838e8882741c","376JmatmnaI","E3","duration_multiplier","0.9","piecewise duration curve","53"
"c=838e8882741c","376JmatmnaI","E3","ending_uncertainty","-4","bounded soft penalty (UNKNOWN)","53"
"c=04eb387f9df0","376JmatmnaI","E3","dim.hook","38","heuristic dimension","56"
"c=04eb387f9df0","376JmatmnaI","E3","dim.curiosity","46","heuristic dimension","56"
"c=04eb387f9df0","376JmatmnaI","E3","dim.emotion","67","heuristic dimension","56"
"c=04eb387f9df0","376JmatmnaI","E3","dim.storytelling","84","heuristic dimension","56"
"c=04eb387f9df0","376JmatmnaI","E3","dim.standalone","66","heuristic dimension","56"
"c=04eb387f9df0","376JmatmnaI","E3","dim.shareability","54","heuristic dimension","56"
"c=04eb387f9df0","376JmatmnaI","E3","dim.clarity","64","heuristic dimension","56"
"c=04eb387f9df0","376JmatmnaI","E3","dim.controversy","49","heuristic dimension","56"
"c=04eb387f9df0","376JmatmnaI","E3","dim.teachingValue","46","heuristic dimension","56"
"c=04eb387f9df0","376JmatmnaI","E3","dim.entertainment","59","heuristic dimension","56"
"c=04eb387f9df0","376JmatmnaI","E3","base_score","67.2","0.55*drivers + 0.45*gates","56"
"c=04eb387f9df0","376JmatmnaI","E3","duration_multiplier","0.9","piecewise duration curve","56"
"c=04eb387f9df0","376JmatmnaI","E3","ending_uncertainty","-4","bounded soft penalty (UNKNOWN)","56"
"c=3530365d9492","376JmatmnaI","E3","dim.hook","21","heuristic dimension","49"
"c=3530365d9492","376JmatmnaI","E3","dim.curiosity","58","heuristic dimension","49"
"c=3530365d9492","376JmatmnaI","E3","dim.emotion","68","heuristic dimension","49"
"c=3530365d9492","376JmatmnaI","E3","dim.storytelling","76","heuristic dimension","49"
"c=3530365d9492","376JmatmnaI","E3","dim.standalone","51","heuristic dimension","49"
"c=3530365d9492","376JmatmnaI","E3","dim.shareability","39","heuristic dimension","49"
"c=3530365d9492","376JmatmnaI","E3","dim.clarity","56","heuristic dimension","49"
"c=3530365d9492","376JmatmnaI","E3","dim.controversy","49","heuristic dimension","49"
"c=3530365d9492","376JmatmnaI","E3","dim.teachingValue","34","heuristic dimension","49"
"c=3530365d9492","376JmatmnaI","E3","dim.entertainment","59","heuristic dimension","49"
"c=3530365d9492","376JmatmnaI","E3","base_score","59.2","0.55*drivers + 0.45*gates","49"
"c=3530365d9492","376JmatmnaI","E3","duration_multiplier","0.9","piecewise duration curve","49"
"c=3530365d9492","376JmatmnaI","E3","ending_uncertainty","-4","bounded soft penalty (UNKNOWN)","49"
"c=20ead57a75ba","376JmatmnaI","E3","dim.hook","21","heuristic dimension","50"
"c=20ead57a75ba","376JmatmnaI","E3","dim.curiosity","58","heuristic dimension","50"
"c=20ead57a75ba","376JmatmnaI","E3","dim.emotion","68","heuristic dimension","50"
"c=20ead57a75ba","376JmatmnaI","E3","dim.storytelling","76","heuristic dimension","50"
"c=20ead57a75ba","376JmatmnaI","E3","dim.standalone","51","heuristic dimension","50"
"c=20ead57a75ba","376JmatmnaI","E3","dim.shareability","39","heuristic dimension","50"
"c=20ead57a75ba","376JmatmnaI","E3","dim.clarity","58","heuristic dimension","50"
"c=20ead57a75ba","376JmatmnaI","E3","dim.controversy","49","heuristic dimension","50"
"c=20ead57a75ba","376JmatmnaI","E3","dim.teachingValue","34","heuristic dimension","50"
"c=20ead57a75ba","376JmatmnaI","E3","dim.entertainment","59","heuristic dimension","50"
"c=20ead57a75ba","376JmatmnaI","E3","base_score","59.4","0.55*drivers + 0.45*gates","50"
"c=20ead57a75ba","376JmatmnaI","E3","duration_multiplier","0.9","piecewise duration curve","50"
"c=20ead57a75ba","376JmatmnaI","E3","ending_uncertainty","-4","bounded soft penalty (UNKNOWN)","50"
"c=66793f247b52","376JmatmnaI","E3","dim.hook","21","heuristic dimension","50"
"c=66793f247b52","376JmatmnaI","E3","dim.curiosity","58","heuristic dimension","50"
"c=66793f247b52","376JmatmnaI","E3","dim.emotion","71","heuristic dimension","50"
"c=66793f247b52","376JmatmnaI","E3","dim.storytelling","76","heuristic dimension","50"
"c=66793f247b52","376JmatmnaI","E3","dim.standalone","51","heuristic dimension","50"
"c=66793f247b52","376JmatmnaI","E3","dim.shareability","39","heuristic dimension","50"
"c=66793f247b52","376JmatmnaI","E3","dim.clarity","57","heuristic dimension","50"
"c=66793f247b52","376JmatmnaI","E3","dim.controversy","68","heuristic dimension","50"
"c=66793f247b52","376JmatmnaI","E3","dim.teachingValue","34","heuristic dimension","50"
"c=66793f247b52","376JmatmnaI","E3","dim.entertainment","59","heuristic dimension","50"
"c=66793f247b52","376JmatmnaI","E3","base_score","60.1","0.55*drivers + 0.45*gates","50"
"c=66793f247b52","376JmatmnaI","E3","duration_multiplier","0.9","piecewise duration curve","50"
"c=66793f247b52","376JmatmnaI","E3","ending_uncertainty","-4","bounded soft penalty (UNKNOWN)","50"
"c=dc86cdd46fad","376JmatmnaI","E3","dim.hook","21","heuristic dimension","51"
"c=dc86cdd46fad","376JmatmnaI","E3","dim.curiosity","58","heuristic dimension","51"
"c=dc86cdd46fad","376JmatmnaI","E3","dim.emotion","73","heuristic dimension","51"
"c=dc86cdd46fad","376JmatmnaI","E3","dim.storytelling","76","heuristic dimension","51"
"c=dc86cdd46fad","376JmatmnaI","E3","dim.standalone","51","heuristic dimension","51"
"c=dc86cdd46fad","376JmatmnaI","E3","dim.shareability","39","heuristic dimension","51"
"c=dc86cdd46fad","376JmatmnaI","E3","dim.clarity","58","heuristic dimension","51"
"c=dc86cdd46fad","376JmatmnaI","E3","dim.controversy","68","heuristic dimension","51"
"c=dc86cdd46fad","376JmatmnaI","E3","dim.teachingValue","34","heuristic dimension","51"
"c=dc86cdd46fad","376JmatmnaI","E3","dim.entertainment","59","heuristic dimension","51"
"c=dc86cdd46fad","376JmatmnaI","E3","base_score","60.8","0.55*drivers + 0.45*gates","51"
"c=dc86cdd46fad","376JmatmnaI","E3","duration_multiplier","0.9","piecewise duration curve","51"
"c=dc86cdd46fad","376JmatmnaI","E3","ending_uncertainty","-4","bounded soft penalty (UNKNOWN)","51"
"c=d6a753effac3","376JmatmnaI","E3","dim.hook","21","heuristic dimension","52"
"c=d6a753effac3","376JmatmnaI","E3","dim.curiosity","58","heuristic dimension","52"
"c=d6a753effac3","376JmatmnaI","E3","dim.emotion","76","heuristic dimension","52"
"c=d6a753effac3","376JmatmnaI","E3","dim.storytelling","76","heuristic dimension","52"
"c=d6a753effac3","376JmatmnaI","E3","dim.standalone","51","heuristic dimension","52"
"c=d6a753effac3","376JmatmnaI","E3","dim.shareability","56","heuristic dimension","52"
"c=d6a753effac3","376JmatmnaI","E3","dim.clarity","59","heuristic dimension","52"
"c=d6a753effac3","376JmatmnaI","E3","dim.controversy","68","heuristic dimension","52"
"c=d6a753effac3","376JmatmnaI","E3","dim.teachingValue","53","heuristic dimension","52"
"c=d6a753effac3","376JmatmnaI","E3","dim.entertainment","59","heuristic dimension","52"
"c=d6a753effac3","376JmatmnaI","E3","base_score","61.8","0.55*drivers + 0.45*gates","52"
"c=d6a753effac3","376JmatmnaI","E3","duration_multiplier","0.9","piecewise duration curve","52"
"c=d6a753effac3","376JmatmnaI","E3","ending_uncertainty","-4","bounded soft penalty (UNKNOWN)","52"
"c=5ba8e08ddcfa","376JmatmnaI","E3","dim.hook","21","heuristic dimension","52"
"c=5ba8e08ddcfa","376JmatmnaI","E3","dim.curiosity","58","heuristic dimension","52"
"c=5ba8e08ddcfa","376JmatmnaI","E3","dim.emotion","78","heuristic dimension","52"
"c=5ba8e08ddcfa","376JmatmnaI","E3","dim.storytelling","76","heuristic dimension","52"
"c=5ba8e08ddcfa","376JmatmnaI","E3","dim.standalone","51","heuristic dimension","52"
"c=5ba8e08ddcfa","376JmatmnaI","E3","dim.shareability","56","heuristic dimension","52"
"c=5ba8e08ddcfa","376JmatmnaI","E3","dim.clarity","59","heuristic dimension","52"
"c=5ba8e08ddcfa","376JmatmnaI","E3","dim.controversy","68","heuristic dimension","52"
"c=5ba8e08ddcfa","376JmatmnaI","E3","dim.teachingValue","53","heuristic dimension","52"
"c=5ba8e08ddcfa","376JmatmnaI","E3","dim.entertainment","59","heuristic dimension","52"
"c=5ba8e08ddcfa","376JmatmnaI","E3","base_score","62.3","0.55*drivers + 0.45*gates","52"
"c=5ba8e08ddcfa","376JmatmnaI","E3","duration_multiplier","0.9","piecewise duration curve","52"
"c=5ba8e08ddcfa","376JmatmnaI","E3","ending_uncertainty","-4","bounded soft penalty (UNKNOWN)","52"
"c=fc414046e98f","376JmatmnaI","E3","dim.hook","21","heuristic dimension","52"
"c=fc414046e98f","376JmatmnaI","E3","dim.curiosity","58","heuristic dimension","52"
"c=fc414046e98f","376JmatmnaI","E3","dim.emotion","79","heuristic dimension","52"
"c=fc414046e98f","376JmatmnaI","E3","dim.storytelling","76","heuristic dimension","52"
"c=fc414046e98f","376JmatmnaI","E3","dim.standalone","51","heuristic dimension","52"
"c=fc414046e98f","376JmatmnaI","E3","dim.shareability","56","heuristic dimension","52"
"c=fc414046e98f","376JmatmnaI","E3","dim.clarity","59","heuristic dimension","52"
"c=fc414046e98f","376JmatmnaI","E3","dim.controversy","68","heuristic dimension","52"
"c=fc414046e98f","376JmatmnaI","E3","dim.teachingValue","53","heuristic dimension","52"
"c=fc414046e98f","376JmatmnaI","E3","dim.entertainment","59","heuristic dimension","52"
"c=fc414046e98f","376JmatmnaI","E3","base_score","62.6","0.55*drivers + 0.45*gates","52"
"c=fc414046e98f","376JmatmnaI","E3","duration_multiplier","0.9","piecewise duration curve","52"
"c=fc414046e98f","376JmatmnaI","E3","ending_uncertainty","-4","bounded soft penalty (UNKNOWN)","52"
"c=a6087fc24f50","376JmatmnaI","E3","dim.hook","21","heuristic dimension","52"
"c=a6087fc24f50","376JmatmnaI","E3","dim.curiosity","58","heuristic dimension","52"
"c=a6087fc24f50","376JmatmnaI","E3","dim.emotion","79","heuristic dimension","52"
"c=a6087fc24f50","376JmatmnaI","E3","dim.storytelling","76","heuristic dimension","52"
"c=a6087fc24f50","376JmatmnaI","E3","dim.standalone","51","heuristic dimension","52"
"c=a6087fc24f50","376JmatmnaI","E3","dim.shareability","56","heuristic dimension","52"
"c=a6087fc24f50","376JmatmnaI","E3","dim.clarity","58","heuristic dimension","52"
"c=a6087fc24f50","376JmatmnaI","E3","dim.controversy","68","heuristic dimension","52"
"c=a6087fc24f50","376JmatmnaI","E3","dim.teachingValue","53","heuristic dimension","52"
"c=a6087fc24f50","376JmatmnaI","E3","dim.entertainment","59","heuristic dimension","52"
"c=a6087fc24f50","376JmatmnaI","E3","base_score","62.5","0.55*drivers + 0.45*gates","52"
"c=a6087fc24f50","376JmatmnaI","E3","duration_multiplier","0.9","piecewise duration curve","52"
"c=a6087fc24f50","376JmatmnaI","E3","ending_uncertainty","-4","bounded soft penalty (UNKNOWN)","52"
"c=4ba55bd87a91","376JmatmnaI","E3","dim.hook","21","heuristic dimension","54"
"c=4ba55bd87a91","376JmatmnaI","E3","dim.curiosity","58","heuristic dimension","54"
"c=4ba55bd87a91","376JmatmnaI","E3","dim.emotion","75","heuristic dimension","54"
"c=4ba55bd87a91","376JmatmnaI","E3","dim.storytelling","88","heuristic dimension","54"
"c=4ba55bd87a91","376JmatmnaI","E3","dim.standalone","51","heuristic dimension","54"
"c=4ba55bd87a91","376JmatmnaI","E3","dim.shareability","56","heuristic dimension","54"
"c=4ba55bd87a91","376JmatmnaI","E3","dim.clarity","56","heuristic dimension","54"
"c=4ba55bd87a91","376JmatmnaI","E3","dim.controversy","68","heuristic dimension","54"
"c=4ba55bd87a91","376JmatmnaI","E3","dim.teachingValue","53","heuristic dimension","54"
"c=4ba55bd87a91","376JmatmnaI","E3","dim.entertainment","59","heuristic dimension","54"
"c=4ba55bd87a91","376JmatmnaI","E3","base_score","64.4","0.55*drivers + 0.45*gates","54"
"c=4ba55bd87a91","376JmatmnaI","E3","duration_multiplier","0.9","piecewise duration curve","54"
"c=4ba55bd87a91","376JmatmnaI","E3","ending_uncertainty","-4","bounded soft penalty (UNKNOWN)","54"
"c=8e811b9695df","376JmatmnaI","E3","dim.hook","21","heuristic dimension","54"
"c=8e811b9695df","376JmatmnaI","E3","dim.curiosity","58","heuristic dimension","54"
"c=8e811b9695df","376JmatmnaI","E3","dim.emotion","75","heuristic dimension","54"
"c=8e811b9695df","376JmatmnaI","E3","dim.storytelling","88","heuristic dimension","54"
"c=8e811b9695df","376JmatmnaI","E3","dim.standalone","51","heuristic dimension","54"
"c=8e811b9695df","376JmatmnaI","E3","dim.shareability","56","heuristic dimension","54"
"c=8e811b9695df","376JmatmnaI","E3","dim.clarity","56","heuristic dimension","54"
"c=8e811b9695df","376JmatmnaI","E3","dim.controversy","68","heuristic dimension","54"
"c=8e811b9695df","376JmatmnaI","E3","dim.teachingValue","53","heuristic dimension","54"
"c=8e811b9695df","376JmatmnaI","E3","dim.entertainment","59","heuristic dimension","54"
"c=8e811b9695df","376JmatmnaI","E3","base_score","64.4","0.55*drivers + 0.45*gates","54"
"c=8e811b9695df","376JmatmnaI","E3","duration_multiplier","0.9","piecewise duration curve","54"
"c=8e811b9695df","376JmatmnaI","E3","ending_uncertainty","-4","bounded soft penalty (UNKNOWN)","54"
"c=9e94a8b9a84c","376JmatmnaI","E3","dim.hook","21","heuristic dimension","54"
"c=9e94a8b9a84c","376JmatmnaI","E3","dim.curiosity","58","heuristic dimension","54"
"c=9e94a8b9a84c","376JmatmnaI","E3","dim.emotion","73","heuristic dimension","54"
"c=9e94a8b9a84c","376JmatmnaI","E3","dim.storytelling","88","heuristic dimension","54"
"c=9e94a8b9a84c","376JmatmnaI","E3","dim.standalone","51","heuristic dimension","54"
"c=9e94a8b9a84c","376JmatmnaI","E3","dim.shareability","56","heuristic dimension","54"
"c=9e94a8b9a84c","376JmatmnaI","E3","dim.clarity","58","heuristic dimension","54"
"c=9e94a8b9a84c","376JmatmnaI","E3","dim.controversy","68","heuristic dimension","54"
"c=9e94a8b9a84c","376JmatmnaI","E3","dim.teachingValue","53","heuristic dimension","54"
"c=9e94a8b9a84c","376JmatmnaI","E3","dim.entertainment","59","heuristic dimension","54"
"c=9e94a8b9a84c","376JmatmnaI","E3","base_score","64.1","0.55*drivers + 0.45*gates","54"
"c=9e94a8b9a84c","376JmatmnaI","E3","duration_multiplier","0.9","piecewise duration curve","54"
"c=9e94a8b9a84c","376JmatmnaI","E3","ending_uncertainty","-4","bounded soft penalty (UNKNOWN)","54"
"c=24a233d5fb09","376JmatmnaI","E3","dim.hook","21","heuristic dimension","53"
"c=24a233d5fb09","376JmatmnaI","E3","dim.curiosity","58","heuristic dimension","53"
"c=24a233d5fb09","376JmatmnaI","E3","dim.emotion","72","heuristic dimension","53"
"c=24a233d5fb09","376JmatmnaI","E3","dim.storytelling","88","heuristic dimension","53"
"c=24a233d5fb09","376JmatmnaI","E3","dim.standalone","51","heuristic dimension","53"
"c=24a233d5fb09","376JmatmnaI","E3","dim.shareability","56","heuristic dimension","53"
"c=24a233d5fb09","376JmatmnaI","E3","dim.clarity","58","heuristic dimension","53"
"c=24a233d5fb09","376JmatmnaI","E3","dim.controversy","68","heuristic dimension","53"
"c=24a233d5fb09","376JmatmnaI","E3","dim.teachingValue","53","heuristic dimension","53"
"c=24a233d5fb09","376JmatmnaI","E3","dim.entertainment","59","heuristic dimension","53"
"c=24a233d5fb09","376JmatmnaI","E3","base_score","63.8","0.55*drivers + 0.45*gates","53"
"c=24a233d5fb09","376JmatmnaI","E3","duration_multiplier","0.9","piecewise duration curve","53"
"c=24a233d5fb09","376JmatmnaI","E3","ending_uncertainty","-4","bounded soft penalty (UNKNOWN)","53"
"c=8652ccf7e90f","376JmatmnaI","E3","dim.hook","21","heuristic dimension","53"
"c=8652ccf7e90f","376JmatmnaI","E3","dim.curiosity","58","heuristic dimension","53"
"c=8652ccf7e90f","376JmatmnaI","E3","dim.emotion","72","heuristic dimension","53"
"c=8652ccf7e90f","376JmatmnaI","E3","dim.storytelling","88","heuristic dimension","53"
"c=8652ccf7e90f","376JmatmnaI","E3","dim.standalone","51","heuristic dimension","53"
"c=8652ccf7e90f","376JmatmnaI","E3","dim.shareability","56","heuristic dimension","53"
"c=8652ccf7e90f","376JmatmnaI","E3","dim.clarity","58","heuristic dimension","53"
"c=8652ccf7e90f","376JmatmnaI","E3","dim.controversy","68","heuristic dimension","53"
"c=8652ccf7e90f","376JmatmnaI","E3","dim.teachingValue","53","heuristic dimension","53"
"c=8652ccf7e90f","376JmatmnaI","E3","dim.entertainment","59","heuristic dimension","53"
"c=8652ccf7e90f","376JmatmnaI","E3","base_score","63.8","0.55*drivers + 0.45*gates","53"
"c=8652ccf7e90f","376JmatmnaI","E3","duration_multiplier","0.9","piecewise duration curve","53"
"c=8652ccf7e90f","376JmatmnaI","E3","ending_uncertainty","-4","bounded soft penalty (UNKNOWN)","53"
"c=5956d82f141a","376JmatmnaI","E3","dim.hook","21","heuristic dimension","54"
"c=5956d82f141a","376JmatmnaI","E3","dim.curiosity","58","heuristic dimension","54"
"c=5956d82f141a","376JmatmnaI","E3","dim.emotion","72","heuristic dimension","54"
"c=5956d82f141a","376JmatmnaI","E3","dim.storytelling","88","heuristic dimension","54"
"c=5956d82f141a","376JmatmnaI","E3","dim.standalone","51","heuristic dimension","54"
"c=5956d82f141a","376JmatmnaI","E3","dim.shareability","56","heuristic dimension","54"
"c=5956d82f141a","376JmatmnaI","E3","dim.clarity","59","heuristic dimension","54"
"c=5956d82f141a","376JmatmnaI","E3","dim.controversy","68","heuristic dimension","54"
"c=5956d82f141a","376JmatmnaI","E3","dim.teachingValue","53","heuristic dimension","54"
"c=5956d82f141a","376JmatmnaI","E3","dim.entertainment","59","heuristic dimension","54"
"c=5956d82f141a","376JmatmnaI","E3","base_score","64","0.55*drivers + 0.45*gates","54"
"c=5956d82f141a","376JmatmnaI","E3","duration_multiplier","0.9","piecewise duration curve","54"
"c=5956d82f141a","376JmatmnaI","E3","ending_uncertainty","-4","bounded soft penalty (UNKNOWN)","54"
"c=5d4688039ab1","376JmatmnaI","E3","dim.hook","21","heuristic dimension","55"
"c=5d4688039ab1","376JmatmnaI","E3","dim.curiosity","58","heuristic dimension","55"
"c=5d4688039ab1","376JmatmnaI","E3","dim.emotion","69","heuristic dimension","55"
"c=5d4688039ab1","376JmatmnaI","E3","dim.storytelling","88","heuristic dimension","55"
"c=5d4688039ab1","376JmatmnaI","E3","dim.standalone","51","heuristic dimension","55"
"c=5d4688039ab1","376JmatmnaI","E3","dim.shareability","56","heuristic dimension","55"
"c=5d4688039ab1","376JmatmnaI","E3","dim.clarity","58","heuristic dimension","55"
"c=5d4688039ab1","376JmatmnaI","E3","dim.controversy","68","heuristic dimension","55"
"c=5d4688039ab1","376JmatmnaI","E3","dim.teachingValue","53","heuristic dimension","55"
"c=5d4688039ab1","376JmatmnaI","E3","dim.entertainment","78","heuristic dimension","55"
"c=5d4688039ab1","376JmatmnaI","E3","base_score","65.5","0.55*drivers + 0.45*gates","55"
"c=5d4688039ab1","376JmatmnaI","E3","duration_multiplier","0.9","piecewise duration curve","55"
"c=5d4688039ab1","376JmatmnaI","E3","ending_uncertainty","-4","bounded soft penalty (UNKNOWN)","55"
"c=b69cff48a835","376JmatmnaI","E3","dim.hook","21","heuristic dimension","55"
"c=b69cff48a835","376JmatmnaI","E3","dim.curiosity","58","heuristic dimension","55"
"c=b69cff48a835","376JmatmnaI","E3","dim.emotion","69","heuristic dimension","55"
"c=b69cff48a835","376JmatmnaI","E3","dim.storytelling","88","heuristic dimension","55"
"c=b69cff48a835","376JmatmnaI","E3","dim.standalone","51","heuristic dimension","55"
"c=b69cff48a835","376JmatmnaI","E3","dim.shareability","62","heuristic dimension","55"
"c=b69cff48a835","376JmatmnaI","E3","dim.clarity","58","heuristic dimension","55"
"c=b69cff48a835","376JmatmnaI","E3","dim.controversy","68","heuristic dimension","55"
"c=b69cff48a835","376JmatmnaI","E3","dim.teachingValue","53","heuristic dimension","55"
"c=b69cff48a835","376JmatmnaI","E3","dim.entertainment","78","heuristic dimension","55"
"c=b69cff48a835","376JmatmnaI","E3","base_score","65.5","0.55*drivers + 0.45*gates","55"
"c=b69cff48a835","376JmatmnaI","E3","duration_multiplier","0.9","piecewise duration curve","55"
"c=b69cff48a835","376JmatmnaI","E3","ending_uncertainty","-4","bounded soft penalty (UNKNOWN)","55"
"c=4554409f9874","376JmatmnaI","E3","dim.hook","21","heuristic dimension","55"
"c=4554409f9874","376JmatmnaI","E3","dim.curiosity","58","heuristic dimension","55"
"c=4554409f9874","376JmatmnaI","E3","dim.emotion","70","heuristic dimension","55"
"c=4554409f9874","376JmatmnaI","E3","dim.storytelling","88","heuristic dimension","55"
"c=4554409f9874","376JmatmnaI","E3","dim.standalone","51","heuristic dimension","55"
"c=4554409f9874","376JmatmnaI","E3","dim.shareability","62","heuristic dimension","55"
"c=4554409f9874","376JmatmnaI","E3","dim.clarity","59","heuristic dimension","55"
"c=4554409f9874","376JmatmnaI","E3","dim.controversy","68","heuristic dimension","55"
"c=4554409f9874","376JmatmnaI","E3","dim.teachingValue","58","heuristic dimension","55"
"c=4554409f9874","376JmatmnaI","E3","dim.entertainment","78","heuristic dimension","55"
"c=4554409f9874","376JmatmnaI","E3","base_score","65.6","0.55*drivers + 0.45*gates","55"
"c=4554409f9874","376JmatmnaI","E3","duration_multiplier","0.9","piecewise duration curve","55"
"c=4554409f9874","376JmatmnaI","E3","ending_uncertainty","-4","bounded soft penalty (UNKNOWN)","55"
"c=39b4302deff1","376JmatmnaI","E3","dim.hook","21","heuristic dimension","55"
"c=39b4302deff1","376JmatmnaI","E3","dim.curiosity","58","heuristic dimension","55"
"c=39b4302deff1","376JmatmnaI","E3","dim.emotion","69","heuristic dimension","55"
"c=39b4302deff1","376JmatmnaI","E3","dim.storytelling","88","heuristic dimension","55"
"c=39b4302deff1","376JmatmnaI","E3","dim.standalone","51","heuristic dimension","55"
"c=39b4302deff1","376JmatmnaI","E3","dim.shareability","62","heuristic dimension","55"
"c=39b4302deff1","376JmatmnaI","E3","dim.clarity","58","heuristic dimension","55"
"c=39b4302deff1","376JmatmnaI","E3","dim.controversy","68","heuristic dimension","55"
"c=39b4302deff1","376JmatmnaI","E3","dim.teachingValue","58","heuristic dimension","55"
"c=39b4302deff1","376JmatmnaI","E3","dim.entertainment","78","heuristic dimension","55"
"c=39b4302deff1","376JmatmnaI","E3","base_score","65.5","0.55*drivers + 0.45*gates","55"
"c=39b4302deff1","376JmatmnaI","E3","duration_multiplier","0.9","piecewise duration curve","55"
"c=39b4302deff1","376JmatmnaI","E3","ending_uncertainty","-4","bounded soft penalty (UNKNOWN)","55"
"c=8616efa4dfa6","376JmatmnaI","E3","dim.hook","21","heuristic dimension","55"
"c=8616efa4dfa6","376JmatmnaI","E3","dim.curiosity","58","heuristic dimension","55"
"c=8616efa4dfa6","376JmatmnaI","E3","dim.emotion","69","heuristic dimension","55"
"c=8616efa4dfa6","376JmatmnaI","E3","dim.storytelling","88","heuristic dimension","55"
"c=8616efa4dfa6","376JmatmnaI","E3","dim.standalone","51","heuristic dimension","55"
"c=8616efa4dfa6","376JmatmnaI","E3","dim.shareability","62","heuristic dimension","55"
"c=8616efa4dfa6","376JmatmnaI","E3","dim.clarity","58","heuristic dimension","55"
"c=8616efa4dfa6","376JmatmnaI","E3","dim.controversy","68","heuristic dimension","55"
"c=8616efa4dfa6","376JmatmnaI","E3","dim.teachingValue","58","heuristic dimension","55"
"c=8616efa4dfa6","376JmatmnaI","E3","dim.entertainment","78","heuristic dimension","55"
"c=8616efa4dfa6","376JmatmnaI","E3","base_score","65.5","0.55*drivers + 0.45*gates","55"
"c=8616efa4dfa6","376JmatmnaI","E3","duration_multiplier","0.9","piecewise duration curve","55"
"c=8616efa4dfa6","376JmatmnaI","E3","ending_uncertainty","-4","bounded soft penalty (UNKNOWN)","55"
"c=abf6809c1f45","376JmatmnaI","E3","dim.hook","21","heuristic dimension","53"
"c=abf6809c1f45","376JmatmnaI","E3","dim.curiosity","58","heuristic dimension","53"
"c=abf6809c1f45","376JmatmnaI","E3","dim.emotion","69","heuristic dimension","53"
"c=abf6809c1f45","376JmatmnaI","E3","dim.storytelling","88","heuristic dimension","53"
"c=abf6809c1f45","376JmatmnaI","E3","dim.standalone","39","heuristic dimension","53"
"c=abf6809c1f45","376JmatmnaI","E3","dim.shareability","62","heuristic dimension","53"
"c=abf6809c1f45","376JmatmnaI","E3","dim.clarity","58","heuristic dimension","53"
"c=abf6809c1f45","376JmatmnaI","E3","dim.controversy","68","heuristic dimension","53"
"c=abf6809c1f45","376JmatmnaI","E3","dim.teachingValue","58","heuristic dimension","53"
"c=abf6809c1f45","376JmatmnaI","E3","dim.entertainment","78","heuristic dimension","53"
"c=abf6809c1f45","376JmatmnaI","E3","base_score","63.3","0.55*drivers + 0.45*gates","53"
"c=abf6809c1f45","376JmatmnaI","E3","duration_multiplier","0.9","piecewise duration curve","53"
"c=abf6809c1f45","376JmatmnaI","E3","ending_uncertainty","-4","bounded soft penalty (UNKNOWN)","53"
"c=4acba6c06e08","376JmatmnaI","E3","dim.hook","21","heuristic dimension","53"
"c=4acba6c06e08","376JmatmnaI","E3","dim.curiosity","58","heuristic dimension","53"
"c=4acba6c06e08","376JmatmnaI","E3","dim.emotion","69","heuristic dimension","53"
"c=4acba6c06e08","376JmatmnaI","E3","dim.storytelling","88","heuristic dimension","53"
"c=4acba6c06e08","376JmatmnaI","E3","dim.standalone","39","heuristic dimension","53"
"c=4acba6c06e08","376JmatmnaI","E3","dim.shareability","62","heuristic dimension","53"
"c=4acba6c06e08","376JmatmnaI","E3","dim.clarity","58","heuristic dimension","53"
"c=4acba6c06e08","376JmatmnaI","E3","dim.controversy","68","heuristic dimension","53"
"c=4acba6c06e08","376JmatmnaI","E3","dim.teachingValue","58","heuristic dimension","53"
"c=4acba6c06e08","376JmatmnaI","E3","dim.entertainment","78","heuristic dimension","53"
"c=4acba6c06e08","376JmatmnaI","E3","base_score","63.3","0.55*drivers + 0.45*gates","53"
"c=4acba6c06e08","376JmatmnaI","E3","duration_multiplier","0.9","piecewise duration curve","53"
"c=4acba6c06e08","376JmatmnaI","E3","ending_uncertainty","-4","bounded soft penalty (UNKNOWN)","53"
"c=7c6619cfa752","376JmatmnaI","E3","dim.hook","21","heuristic dimension","53"
"c=7c6619cfa752","376JmatmnaI","E3","dim.curiosity","58","heuristic dimension","53"
"c=7c6619cfa752","376JmatmnaI","E3","dim.emotion","68","heuristic dimension","53"
"c=7c6619cfa752","376JmatmnaI","E3","dim.storytelling","88","heuristic dimension","53"
"c=7c6619cfa752","376JmatmnaI","E3","dim.standalone","39","heuristic dimension","53"
"c=7c6619cfa752","376JmatmnaI","E3","dim.shareability","62","heuristic dimension","53"
"c=7c6619cfa752","376JmatmnaI","E3","dim.clarity","58","heuristic dimension","53"
"c=7c6619cfa752","376JmatmnaI","E3","dim.controversy","68","heuristic dimension","53"
"c=7c6619cfa752","376JmatmnaI","E3","dim.teachingValue","58","heuristic dimension","53"
"c=7c6619cfa752","376JmatmnaI","E3","dim.entertainment","78","heuristic dimension","53"
"c=7c6619cfa752","376JmatmnaI","E3","base_score","63.3","0.55*drivers + 0.45*gates","53"
"c=7c6619cfa752","376JmatmnaI","E3","duration_multiplier","0.9","piecewise duration curve","53"
"c=7c6619cfa752","376JmatmnaI","E3","ending_uncertainty","-4","bounded soft penalty (UNKNOWN)","53"
"c=f2368808c0c5","376JmatmnaI","E3","dim.hook","21","heuristic dimension","53"
"c=f2368808c0c5","376JmatmnaI","E3","dim.curiosity","58","heuristic dimension","53"
"c=f2368808c0c5","376JmatmnaI","E3","dim.emotion","69","heuristic dimension","53"
"c=f2368808c0c5","376JmatmnaI","E3","dim.storytelling","88","heuristic dimension","53"
"c=f2368808c0c5","376JmatmnaI","E3","dim.standalone","39","heuristic dimension","53"
"c=f2368808c0c5","376JmatmnaI","E3","dim.shareability","62","heuristic dimension","53"
"c=f2368808c0c5","376JmatmnaI","E3","dim.clarity","58","heuristic dimension","53"
"c=f2368808c0c5","376JmatmnaI","E3","dim.controversy","68","heuristic dimension","53"
"c=f2368808c0c5","376JmatmnaI","E3","dim.teachingValue","58","heuristic dimension","53"
"c=f2368808c0c5","376JmatmnaI","E3","dim.entertainment","78","heuristic dimension","53"
"c=f2368808c0c5","376JmatmnaI","E3","base_score","63.3","0.55*drivers + 0.45*gates","53"
"c=f2368808c0c5","376JmatmnaI","E3","duration_multiplier","0.9","piecewise duration curve","53"
"c=f2368808c0c5","376JmatmnaI","E3","ending_uncertainty","-4","bounded soft penalty (UNKNOWN)","53"
"c=fad35e0d1a88","376JmatmnaI","E3","dim.hook","21","heuristic dimension","53"
"c=fad35e0d1a88","376JmatmnaI","E3","dim.curiosity","58","heuristic dimension","53"
"c=fad35e0d1a88","376JmatmnaI","E3","dim.emotion","69","heuristic dimension","53"
"c=fad35e0d1a88","376JmatmnaI","E3","dim.storytelling","88","heuristic dimension","53"
"c=fad35e0d1a88","376JmatmnaI","E3","dim.standalone","39","heuristic dimension","53"
"c=fad35e0d1a88","376JmatmnaI","E3","dim.shareability","79","heuristic dimension","53"
"c=fad35e0d1a88","376JmatmnaI","E3","dim.clarity","58","heuristic dimension","53"
"c=fad35e0d1a88","376JmatmnaI","E3","dim.controversy","68","heuristic dimension","53"
"c=fad35e0d1a88","376JmatmnaI","E3","dim.teachingValue","58","heuristic dimension","53"
"c=fad35e0d1a88","376JmatmnaI","E3","dim.entertainment","78","heuristic dimension","53"
"c=fad35e0d1a88","376JmatmnaI","E3","base_score","63.6","0.55*drivers + 0.45*gates","53"
"c=fad35e0d1a88","376JmatmnaI","E3","duration_multiplier","0.9","piecewise duration curve","53"
"c=fad35e0d1a88","376JmatmnaI","E3","ending_uncertainty","-4","bounded soft penalty (UNKNOWN)","53"
"c=051da761b525","376JmatmnaI","E3","dim.hook","21","heuristic dimension","53"
"c=051da761b525","376JmatmnaI","E3","dim.curiosity","58","heuristic dimension","53"
"c=051da761b525","376JmatmnaI","E3","dim.emotion","69","heuristic dimension","53"
"c=051da761b525","376JmatmnaI","E3","dim.storytelling","88","heuristic dimension","53"
"c=051da761b525","376JmatmnaI","E3","dim.standalone","39","heuristic dimension","53"
"c=051da761b525","376JmatmnaI","E3","dim.shareability","79","heuristic dimension","53"
"c=051da761b525","376JmatmnaI","E3","dim.clarity","58","heuristic dimension","53"
"c=051da761b525","376JmatmnaI","E3","dim.controversy","68","heuristic dimension","53"
"c=051da761b525","376JmatmnaI","E3","dim.teachingValue","58","heuristic dimension","53"
"c=051da761b525","376JmatmnaI","E3","dim.entertainment","78","heuristic dimension","53"
"c=051da761b525","376JmatmnaI","E3","base_score","63.6","0.55*drivers + 0.45*gates","53"
"c=051da761b525","376JmatmnaI","E3","duration_multiplier","0.9","piecewise duration curve","53"
"c=051da761b525","376JmatmnaI","E3","ending_uncertainty","-4","bounded soft penalty (UNKNOWN)","53"
"c=dbda7da6c2c1","376JmatmnaI","E3","dim.hook","21","heuristic dimension","51"
"c=dbda7da6c2c1","376JmatmnaI","E3","dim.curiosity","58","heuristic dimension","51"
"c=dbda7da6c2c1","376JmatmnaI","E3","dim.emotion","69","heuristic dimension","51"
"c=dbda7da6c2c1","376JmatmnaI","E3","dim.storytelling","88","heuristic dimension","51"
"c=dbda7da6c2c1","376JmatmnaI","E3","dim.standalone","27","heuristic dimension","51"
"c=dbda7da6c2c1","376JmatmnaI","E3","dim.shareability","79","heuristic dimension","51"
"c=dbda7da6c2c1","376JmatmnaI","E3","dim.clarity","58","heuristic dimension","51"
"c=dbda7da6c2c1","376JmatmnaI","E3","dim.controversy","68","heuristic dimension","51"
"c=dbda7da6c2c1","376JmatmnaI","E3","dim.teachingValue","58","heuristic dimension","51"
"c=dbda7da6c2c1","376JmatmnaI","E3","dim.entertainment","78","heuristic dimension","51"
"c=dbda7da6c2c1","376JmatmnaI","E3","base_score","61.5","0.55*drivers + 0.45*gates","51"
"c=dbda7da6c2c1","376JmatmnaI","E3","duration_multiplier","0.9","piecewise duration curve","51"
"c=dbda7da6c2c1","376JmatmnaI","E3","ending_uncertainty","-4","bounded soft penalty (UNKNOWN)","51"
"c=0fb0d871c5aa","376JmatmnaI","E3","dim.hook","21","heuristic dimension","51"
"c=0fb0d871c5aa","376JmatmnaI","E3","dim.curiosity","58","heuristic dimension","51"
"c=0fb0d871c5aa","376JmatmnaI","E3","dim.emotion","69","heuristic dimension","51"
"c=0fb0d871c5aa","376JmatmnaI","E3","dim.storytelling","88","heuristic dimension","51"
"c=0fb0d871c5aa","376JmatmnaI","E3","dim.standalone","27","heuristic dimension","51"
"c=0fb0d871c5aa","376JmatmnaI","E3","dim.shareability","79","heuristic dimension","51"
"c=0fb0d871c5aa","376JmatmnaI","E3","dim.clarity","58","heuristic dimension","51"
"c=0fb0d871c5aa","376JmatmnaI","E3","dim.controversy","68","heuristic dimension","51"
"c=0fb0d871c5aa","376JmatmnaI","E3","dim.teachingValue","58","heuristic dimension","51"
"c=0fb0d871c5aa","376JmatmnaI","E3","dim.entertainment","78","heuristic dimension","51"
"c=0fb0d871c5aa","376JmatmnaI","E3","base_score","61.5","0.55*drivers + 0.45*gates","51"
"c=0fb0d871c5aa","376JmatmnaI","E3","duration_multiplier","0.9","piecewise duration curve","51"
"c=0fb0d871c5aa","376JmatmnaI","E3","ending_uncertainty","-4","bounded soft penalty (UNKNOWN)","51"
"c=b64aba548e90","376JmatmnaI","E3","dim.hook","21","heuristic dimension","51"
"c=b64aba548e90","376JmatmnaI","E3","dim.curiosity","58","heuristic dimension","51"
"c=b64aba548e90","376JmatmnaI","E3","dim.emotion","69","heuristic dimension","51"
"c=b64aba548e90","376JmatmnaI","E3","dim.storytelling","88","heuristic dimension","51"
"c=b64aba548e90","376JmatmnaI","E3","dim.standalone","27","heuristic dimension","51"
"c=b64aba548e90","376JmatmnaI","E3","dim.shareability","79","heuristic dimension","51"
"c=b64aba548e90","376JmatmnaI","E3","dim.clarity","58","heuristic dimension","51"
"c=b64aba548e90","376JmatmnaI","E3","dim.controversy","68","heuristic dimension","51"
"c=b64aba548e90","376JmatmnaI","E3","dim.teachingValue","58","heuristic dimension","51"
"c=b64aba548e90","376JmatmnaI","E3","dim.entertainment","78","heuristic dimension","51"
"c=b64aba548e90","376JmatmnaI","E3","base_score","61.5","0.55*drivers + 0.45*gates","51"
"c=b64aba548e90","376JmatmnaI","E3","duration_multiplier","0.9","piecewise duration curve","51"
"c=b64aba548e90","376JmatmnaI","E3","ending_uncertainty","-4","bounded soft penalty (UNKNOWN)","51"
"c=aee89a74a40c","376JmatmnaI","E3","dim.hook","21","heuristic dimension","51"
"c=aee89a74a40c","376JmatmnaI","E3","dim.curiosity","58","heuristic dimension","51"
"c=aee89a74a40c","376JmatmnaI","E3","dim.emotion","69","heuristic dimension","51"
"c=aee89a74a40c","376JmatmnaI","E3","dim.storytelling","88","heuristic dimension","51"
"c=aee89a74a40c","376JmatmnaI","E3","dim.standalone","27","heuristic dimension","51"
"c=aee89a74a40c","376JmatmnaI","E3","dim.shareability","79","heuristic dimension","51"
"c=aee89a74a40c","376JmatmnaI","E3","dim.clarity","57","heuristic dimension","51"
"c=aee89a74a40c","376JmatmnaI","E3","dim.controversy","68","heuristic dimension","51"
"c=aee89a74a40c","376JmatmnaI","E3","dim.teachingValue","58","heuristic dimension","51"
"c=aee89a74a40c","376JmatmnaI","E3","dim.entertainment","78","heuristic dimension","51"
"c=aee89a74a40c","376JmatmnaI","E3","base_score","61.3","0.55*drivers + 0.45*gates","51"
"c=aee89a74a40c","376JmatmnaI","E3","duration_multiplier","0.9","piecewise duration curve","51"
"c=aee89a74a40c","376JmatmnaI","E3","ending_uncertainty","-4","bounded soft penalty (UNKNOWN)","51"
"c=e58e6721f1ad","376JmatmnaI","E3","dim.hook","21","heuristic dimension","51"
"c=e58e6721f1ad","376JmatmnaI","E3","dim.curiosity","58","heuristic dimension","51"
"c=e58e6721f1ad","376JmatmnaI","E3","dim.emotion","69","heuristic dimension","51"
"c=e58e6721f1ad","376JmatmnaI","E3","dim.storytelling","88","heuristic dimension","51"
"c=e58e6721f1ad","376JmatmnaI","E3","dim.standalone","27","heuristic dimension","51"
"c=e58e6721f1ad","376JmatmnaI","E3","dim.shareability","79","heuristic dimension","51"
"c=e58e6721f1ad","376JmatmnaI","E3","dim.clarity","56","heuristic dimension","51"
"c=e58e6721f1ad","376JmatmnaI","E3","dim.controversy","68","heuristic dimension","51"
"c=e58e6721f1ad","376JmatmnaI","E3","dim.teachingValue","58","heuristic dimension","51"
"c=e58e6721f1ad","376JmatmnaI","E3","dim.entertainment","78","heuristic dimension","51"
"c=e58e6721f1ad","376JmatmnaI","E3","base_score","61.2","0.55*drivers + 0.45*gates","51"
"c=e58e6721f1ad","376JmatmnaI","E3","duration_multiplier","0.9","piecewise duration curve","51"
"c=e58e6721f1ad","376JmatmnaI","E3","ending_uncertainty","-4","bounded soft penalty (UNKNOWN)","51"
"c=15db40d6dca1","376JmatmnaI","E3","dim.hook","21","heuristic dimension","51"
"c=15db40d6dca1","376JmatmnaI","E3","dim.curiosity","58","heuristic dimension","51"
"c=15db40d6dca1","376JmatmnaI","E3","dim.emotion","69","heuristic dimension","51"
"c=15db40d6dca1","376JmatmnaI","E3","dim.storytelling","88","heuristic dimension","51"
"c=15db40d6dca1","376JmatmnaI","E3","dim.standalone","27","heuristic dimension","51"
"c=15db40d6dca1","376JmatmnaI","E3","dim.shareability","79","heuristic dimension","51"
"c=15db40d6dca1","376JmatmnaI","E3","dim.clarity","56","heuristic dimension","51"
"c=15db40d6dca1","376JmatmnaI","E3","dim.controversy","68","heuristic dimension","51"
"c=15db40d6dca1","376JmatmnaI","E3","dim.teachingValue","72","heuristic dimension","51"
"c=15db40d6dca1","376JmatmnaI","E3","dim.entertainment","78","heuristic dimension","51"
"c=15db40d6dca1","376JmatmnaI","E3","base_score","61.2","0.55*drivers + 0.45*gates","51"
"c=15db40d6dca1","376JmatmnaI","E3","duration_multiplier","0.9","piecewise duration curve","51"
"c=15db40d6dca1","376JmatmnaI","E3","ending_uncertainty","-4","bounded soft penalty (UNKNOWN)","51"
"c=034b191a2b7e","XuoqKYxDHVc","E3","start_gate",,"hard rejected at start",
"c=1e4705b8dfd4","XuoqKYxDHVc","E3","start_gate",,"hard rejected at start",
"c=cb087f1e340a","XuoqKYxDHVc","E3","start_gate",,"hard rejected at start",
"c=4b8864c310d3","XuoqKYxDHVc","E3","start_gate",,"hard rejected at start",
"c=8f4c6b9115b4","XuoqKYxDHVc","E3","dim.hook","20","heuristic dimension","53"
"c=8f4c6b9115b4","XuoqKYxDHVc","E3","dim.curiosity","67","heuristic dimension","53"
"c=8f4c6b9115b4","XuoqKYxDHVc","E3","dim.emotion","75","heuristic dimension","53"
"c=8f4c6b9115b4","XuoqKYxDHVc","E3","dim.storytelling","59","heuristic dimension","53"
"c=8f4c6b9115b4","XuoqKYxDHVc","E3","dim.standalone","70","heuristic dimension","53"
"c=8f4c6b9115b4","XuoqKYxDHVc","E3","dim.shareability","48","heuristic dimension","53"
"c=8f4c6b9115b4","XuoqKYxDHVc","E3","dim.clarity","34","heuristic dimension","53"
"c=8f4c6b9115b4","XuoqKYxDHVc","E3","dim.controversy","30","heuristic dimension","53"
"c=8f4c6b9115b4","XuoqKYxDHVc","E3","dim.teachingValue","61","heuristic dimension","53"
"c=8f4c6b9115b4","XuoqKYxDHVc","E3","dim.entertainment","40","heuristic dimension","53"
"c=8f4c6b9115b4","XuoqKYxDHVc","E3","base_score","58.9","0.55*drivers + 0.45*gates","53"
"c=8f4c6b9115b4","XuoqKYxDHVc","E3","duration_multiplier","0.931","piecewise duration curve","53"
"c=8f4c6b9115b4","XuoqKYxDHVc","E3","ending_uncertainty","-2","bounded soft penalty (COMPLETE)","53"
"c=d67f3fddfe4c","XuoqKYxDHVc","E3","start_gate",,"hard rejected at start",
"c=5755ef4bff9f","XuoqKYxDHVc","E3","start_gate",,"hard rejected at start",
"c=2a12042ef32f","XuoqKYxDHVc","E3","start_gate",,"hard rejected at start",
"c=19483c4136db","XuoqKYxDHVc","E3","start_gate",,"hard rejected at start",
"c=8ab3662400ce","XuoqKYxDHVc","E3","start_gate",,"hard rejected at start",
"c=8b967ae58864","XuoqKYxDHVc","E3","start_gate",,"hard rejected at start",
"c=f730573bb1ef","XuoqKYxDHVc","E3","start_gate",,"hard rejected at start",
"c=7c024252d888","XuoqKYxDHVc","E3","start_gate",,"hard rejected at start",
"c=7aab958e7699","XuoqKYxDHVc","E3","start_gate",,"hard rejected at start",
"c=b99c5bdeb83a","XuoqKYxDHVc","E3","start_gate",,"hard rejected at start",
"c=e2b23b1b7a03","XuoqKYxDHVc","E3","start_gate",,"hard rejected at start",
"c=da859c20ba8d","XuoqKYxDHVc","E3","start_gate",,"hard rejected at start",
"c=979e03b50ec1","XuoqKYxDHVc","E3","start_gate",,"hard rejected at start",
"c=f0dba52b54f9","XuoqKYxDHVc","E3","start_gate",,"hard rejected at start",
"c=6b1e99b64f87","XuoqKYxDHVc","E3","start_gate",,"hard rejected at start",
"c=41a6fb754065","XuoqKYxDHVc","E3","start_gate",,"hard rejected at start",
"c=c8d4b9bd438e","XuoqKYxDHVc","E3","start_gate",,"hard rejected at start",
"c=507346fbf19c","XuoqKYxDHVc","E3","start_gate",,"hard rejected at start",
"c=f716e4066232","XuoqKYxDHVc","E3","start_gate",,"hard rejected at start",
"c=ddf22c69f046","XuoqKYxDHVc","E3","start_gate",,"hard rejected at start",
"c=9d692dad74ab","LAmGfokvgzA","E3","start_gate",,"hard rejected at start",
"c=7e58f435b77b","LAmGfokvgzA","E3","dim.hook","46","heuristic dimension","55"
"c=7e58f435b77b","LAmGfokvgzA","E3","dim.curiosity","50","heuristic dimension","55"
"c=7e58f435b77b","LAmGfokvgzA","E3","dim.emotion","68","heuristic dimension","55"
"c=7e58f435b77b","LAmGfokvgzA","E3","dim.storytelling","62","heuristic dimension","55"
"c=7e58f435b77b","LAmGfokvgzA","E3","dim.standalone","66","heuristic dimension","55"
"c=7e58f435b77b","LAmGfokvgzA","E3","dim.shareability","48","heuristic dimension","55"
"c=7e58f435b77b","LAmGfokvgzA","E3","dim.clarity","68","heuristic dimension","55"
"c=7e58f435b77b","LAmGfokvgzA","E3","dim.controversy","30","heuristic dimension","55"
"c=7e58f435b77b","LAmGfokvgzA","E3","dim.teachingValue","51","heuristic dimension","55"
"c=7e58f435b77b","LAmGfokvgzA","E3","dim.entertainment","59","heuristic dimension","55"
"c=7e58f435b77b","LAmGfokvgzA","E3","base_score","63","0.55*drivers + 0.45*gates","55"
"c=7e58f435b77b","LAmGfokvgzA","E3","duration_multiplier","0.9","piecewise duration curve","55"
"c=7e58f435b77b","LAmGfokvgzA","E3","ending_uncertainty","-2","bounded soft penalty (COMPLETE)","55"
"c=824c082a3d90","LAmGfokvgzA","E3","start_gate",,"hard rejected at start",
"c=1e6db7684cf5","LAmGfokvgzA","E3","start_gate",,"hard rejected at start",
"c=c4e9f380fafc","LAmGfokvgzA","E3","start_gate",,"hard rejected at start",
"c=7b65adabb593","LAmGfokvgzA","E3","start_gate",,"hard rejected at start",
"c=f5ee0b594e06","LAmGfokvgzA","E3","start_gate",,"hard rejected at start",
"c=8a8c6c159418","LAmGfokvgzA","E3","start_gate",,"hard rejected at start",
"c=77c85268ffbb","LAmGfokvgzA","E3","start_gate",,"hard rejected at start",
"c=ff96a912a96b","LAmGfokvgzA","E3","start_gate",,"hard rejected at start",
"c=a7e7e1cca9e3","LAmGfokvgzA","E3","start_gate",,"hard rejected at start",
"c=08d9c6038256","LAmGfokvgzA","E3","start_gate",,"hard rejected at start",
"c=2db100c4d3fc","LAmGfokvgzA","E3","start_gate",,"hard rejected at start",
"c=e93ed61d0b77","LAmGfokvgzA","E3","start_gate",,"hard rejected at start",
"c=4c3bdbf3cc27","LAmGfokvgzA","E3","start_gate",,"hard rejected at start",
"c=eb368cc6e1d1","LAmGfokvgzA","E3","start_gate",,"hard rejected at start",
"c=db9c366a36ba","LAmGfokvgzA","E3","start_gate",,"hard rejected at start",
"c=b8377085968f","LAmGfokvgzA","E3","start_gate",,"hard rejected at start",
"c=1e698710416e","LAmGfokvgzA","E3","start_gate",,"hard rejected at start",
"c=f06f944ce9d1","LAmGfokvgzA","E3","start_gate",,"hard rejected at start",
"c=6b19130cbab5","LAmGfokvgzA","E3","start_gate",,"hard rejected at start",
"c=37b93f6222b1","LAmGfokvgzA","E3","start_gate",,"hard rejected at start",
"c=981bbdb2e679","LAmGfokvgzA","E3","start_gate",,"hard rejected at start",
"c=3ce81ef16088","LAmGfokvgzA","E3","start_gate",,"hard rejected at start",
"c=0e66be36eaed","LAmGfokvgzA","E3","start_gate",,"hard rejected at start",
"c=fd43a360f9ca","LAmGfokvgzA","E3","start_gate",,"hard rejected at start",
"c=db382577df0a","LAmGfokvgzA","E3","start_gate",,"hard rejected at start",
"c=71c9ad54af71","LAmGfokvgzA","E3","start_gate",,"hard rejected at start",
"c=973630f05211","LAmGfokvgzA","E3","start_gate",,"hard rejected at start",
"c=f389b51fbb63","LAmGfokvgzA","E3","start_gate",,"hard rejected at start",
"c=ea5a4f3ca781","LAmGfokvgzA","E3","start_gate",,"hard rejected at start",
"c=2dbb6d71a5b8","LAmGfokvgzA","E3","start_gate",,"hard rejected at start",
"c=80d0ff2654a4","LAmGfokvgzA","E3","start_gate",,"hard rejected at start",
"c=0add66c94274","LAmGfokvgzA","E3","start_gate",,"hard rejected at start",
"c=f22fba8fcc22","LAmGfokvgzA","E3","start_gate",,"hard rejected at start",
"c=7a99811e6633","LAmGfokvgzA","E3","dim.hook","33","heuristic dimension","67"
"c=7a99811e6633","LAmGfokvgzA","E3","dim.curiosity","67","heuristic dimension","67"
"c=7a99811e6633","LAmGfokvgzA","E3","dim.emotion","97","heuristic dimension","67"
"c=7a99811e6633","LAmGfokvgzA","E3","dim.storytelling","62","heuristic dimension","67"
"c=7a99811e6633","LAmGfokvgzA","E3","dim.standalone","70","heuristic dimension","67"
"c=7a99811e6633","LAmGfokvgzA","E3","dim.shareability","48","heuristic dimension","67"
"c=7a99811e6633","LAmGfokvgzA","E3","dim.clarity","57","heuristic dimension","67"
"c=7a99811e6633","LAmGfokvgzA","E3","dim.controversy","30","heuristic dimension","67"
"c=7a99811e6633","LAmGfokvgzA","E3","dim.teachingValue","46","heuristic dimension","67"
"c=7a99811e6633","LAmGfokvgzA","E3","dim.entertainment","40","heuristic dimension","67"
"c=7a99811e6633","LAmGfokvgzA","E3","base_score","69.9","0.55*drivers + 0.45*gates","67"
"c=7a99811e6633","LAmGfokvgzA","E3","duration_multiplier","0.991","piecewise duration curve","67"
"c=7a99811e6633","LAmGfokvgzA","E3","ending_uncertainty","-2","bounded soft penalty (COMPLETE)","67"
"c=8541af1b8ff1","LAmGfokvgzA","E3","start_gate",,"hard rejected at start",
"c=76b32fe81087","LAmGfokvgzA","E3","start_gate",,"hard rejected at start",
"c=8a513a1e9c2e","LAmGfokvgzA","E3","start_gate",,"hard rejected at start",
"c=c8cd731b1924","vs6x8VUGXCw","E3","start_gate",,"hard rejected at start",
"c=42d635384958","vs6x8VUGXCw","E3","start_gate",,"hard rejected at start",
"c=dd50b24fdd19","vs6x8VUGXCw","E3","start_gate",,"hard rejected at start",
"c=6d69e26a54d4","vs6x8VUGXCw","E3","start_gate",,"hard rejected at start",
"c=8aced23b4e66","vs6x8VUGXCw","E3","start_gate",,"hard rejected at start",
"c=f932f2803187","vs6x8VUGXCw","E3","start_gate",,"hard rejected at start",
"c=e932e163453e","vs6x8VUGXCw","E3","start_gate",,"hard rejected at start",
"c=349087ed8bfb","vs6x8VUGXCw","E3","start_gate",,"hard rejected at start",
"c=10fceb802d7e","vs6x8VUGXCw","E3","start_gate",,"hard rejected at start",
"c=bf3aa3783b18","vs6x8VUGXCw","E3","start_gate",,"hard rejected at start",
"c=75fa40ae77e0","vs6x8VUGXCw","E3","start_gate",,"hard rejected at start",
"c=74db4bef1717","vs6x8VUGXCw","E3","start_gate",,"hard rejected at start",
"c=9a007779a702","vs6x8VUGXCw","E3","start_gate",,"hard rejected at start",
"c=910cc4345aef","vs6x8VUGXCw","E3","start_gate",,"hard rejected at start",
"c=295979ebdb26","vs6x8VUGXCw","E3","start_gate",,"hard rejected at start",
"c=64361bf4b27e","vs6x8VUGXCw","E3","start_gate",,"hard rejected at start",
"c=3c4424551805","vs6x8VUGXCw","E3","start_gate",,"hard rejected at start",
"c=1eaba615b4a5","vs6x8VUGXCw","E3","start_gate",,"hard rejected at start",
"c=424bf001b74d","vs6x8VUGXCw","E3","start_gate",,"hard rejected at start",
"c=e5b10b9b261e","vs6x8VUGXCw","E3","start_gate",,"hard rejected at start",
"c=64683ab0d92e","vs6x8VUGXCw","E3","start_gate",,"hard rejected at start",
"c=3b8a75600874","vs6x8VUGXCw","E3","start_gate",,"hard rejected at start",
"c=e55fa678dc8b","vs6x8VUGXCw","E3","start_gate",,"hard rejected at start",
"c=5a3dd2e0129b","vs6x8VUGXCw","E3","start_gate",,"hard rejected at start",
"c=cd9e9e1d6552","vs6x8VUGXCw","E3","start_gate",,"hard rejected at start",
"c=67d812a788aa","vs6x8VUGXCw","E3","start_gate",,"hard rejected at start",
"c=462a889a5137","vs6x8VUGXCw","E3","start_gate",,"hard rejected at start",
"c=eec2dcd2190e","vs6x8VUGXCw","E3","start_gate",,"hard rejected at start",
"c=e8b3fe5ed20d","vs6x8VUGXCw","E3","start_gate",,"hard rejected at start",
"c=53cad791d9b6","vs6x8VUGXCw","E3","start_gate",,"hard rejected at start",
"c=38b3ff060d19","vs6x8VUGXCw","E3","start_gate",,"hard rejected at start",
"c=09b4cdf9d432","vs6x8VUGXCw","E3","start_gate",,"hard rejected at start",
"c=3a5bb006e3f4","vs6x8VUGXCw","E3","start_gate",,"hard rejected at start",
"c=da12fead9624","vs6x8VUGXCw","E3","start_gate",,"hard rejected at start",
"c=ab244e1f7fb9","vs6x8VUGXCw","E3","start_gate",,"hard rejected at start",
"c=8fb5d1aacb96","vs6x8VUGXCw","E3","start_gate",,"hard rejected at start",
"c=c800e4d5a1ea","vs6x8VUGXCw","E3","start_gate",,"hard rejected at start",
